id_transaccion;monto;divisa;fecha;tipo
C1231006815;9839.64;USD;2026-08-05;PAYMENT
C1666544295;1864.28;USD;2026-01-30;PAYMENT
C1305486145;181.0;USD;2026-12-02;TRANSFER
C840083671;181.0;USD;2026-09-17;CASH_OUT
C2048537720;11668.14;USD;2026-06-25;PAYMENT
C90045638;7817.71;USD;2026-06-10;PAYMENT
C154988899;7107.77;USD;2026-08-04;PAYMENT
C1912850431;7861.64;USD;2026-03-13;PAYMENT
C1265012928;4024.36;USD;2026-09-24;PAYMENT
C712410124;5337.77;USD;2026-08-20;DEBIT
C1900366749;9644.94;USD;2026-12-02;DEBIT
C249177573;3099.97;USD;2026-10-25;PAYMENT
C1648232591;2560.74;USD;2026-03-02;PAYMENT
C1716932897;11633.76;USD;2026-01-22;PAYMENT
C1026483832;4098.78;USD;2026-04-12;PAYMENT
C905080434;229133.94;USD;2026-09-30;CASH_OUT
C761750706;1563.82;USD;2026-10-08;PAYMENT
C1237762639;1157.86;USD;2026-02-02;PAYMENT
C2033524545;671.64;USD;2026-11-21;PAYMENT
C1670993182;215310.3;USD;2026-06-26;TRANSFER
C20804602;1373.43;USD;2026-04-01;PAYMENT
C1566511282;9302.79;USD;2026-03-20;DEBIT
C1959239586;1065.41;USD;2026-04-14;DEBIT
C504336483;3876.41;USD;2026-12-05;PAYMENT
C1984094095;311685.89;USD;2026-03-15;TRANSFER
C1043358826;6061.13;USD;2026-09-27;PAYMENT
C1671590089;9478.39;USD;2026-01-11;PAYMENT
C1053967012;8009.09;USD;2026-02-03;PAYMENT
C1632497828;8901.99;USD;2026-06-15;PAYMENT
C764826684;9920.52;USD;2026-11-07;PAYMENT
C2103763750;3448.92;USD;2026-05-26;PAYMENT
C215078753;4206.84;USD;2026-10-08;PAYMENT
C840514538;5885.56;USD;2026-07-04;PAYMENT
C1768242710;5307.88;USD;2026-01-11;PAYMENT
C247113419;5031.22;USD;2026-08-14;PAYMENT
C1238616099;24213.67;USD;2026-02-27;PAYMENT
C1608633989;8603.42;USD;2026-01-08;PAYMENT
C923341586;2791.42;USD;2026-02-23;PAYMENT
C1470868839;7413.54;USD;2026-09-15;PAYMENT
C711197015;3295.19;USD;2026-01-15;PAYMENT
C1481594086;1684.81;USD;2026-05-02;PAYMENT
C1466917878;5758.59;USD;2026-12-20;DEBIT
C768216420;110414.71;USD;2026-10-31;CASH_OUT
C260084831;7823.46;USD;2026-02-12;PAYMENT
C598357562;5086.48;USD;2026-06-11;PAYMENT
C1440738283;5281.48;USD;2026-12-17;PAYMENT
C484199463;13875.98;USD;2026-04-23;PAYMENT
C1570470538;56953.9;USD;2026-08-12;CASH_OUT
C512549200;5346.89;USD;2026-08-28;CASH_OUT
C1615801298;2204.04;USD;2026-02-25;PAYMENT
C460570271;2641.47;USD;2026-01-13;PAYMENT
C2072313080;23261.3;USD;2026-12-10;CASH_OUT
C816944408;2330.64;USD;2026-12-23;PAYMENT
C912966811;1614.64;USD;2026-12-10;PAYMENT
C1458621573;9164.71;USD;2026-03-12;PAYMENT
C46941357;2970.97;USD;2026-02-27;PAYMENT
C343345308;38.66;USD;2026-05-05;PAYMENT
C104716441;2252.44;USD;2026-03-10;PAYMENT
C1976401987;62610.8;USD;2026-10-27;TRANSFER
C867288517;5529.13;USD;2026-06-02;DEBIT
C1528834618;82940.31;USD;2026-10-08;CASH_OUT
C280615803;4510.22;USD;2026-10-07;DEBIT
C166694583;8727.74;USD;2026-07-04;DEBIT
C885910946;2599.46;USD;2026-01-26;PAYMENT
C811207775;4874.49;USD;2026-06-14;DEBIT
C1161148117;6440.78;USD;2026-11-28;PAYMENT
C1131592118;4910.14;USD;2026-11-15;PAYMENT
C1262609629;6444.64;USD;2026-09-07;PAYMENT
C1955990522;5149.66;USD;2026-04-04;DEBIT
C69673470;7292.16;USD;2026-11-11;PAYMENT
C527211736;47458.86;USD;2026-05-30;CASH_OUT
C1533123860;136872.92;USD;2026-10-04;CASH_OUT
C1718906711;94253.33;USD;2026-05-11;CASH_OUT
C71802912;2998.04;USD;2026-01-11;PAYMENT
C686349795;3454.08;USD;2026-06-28;PAYMENT
C1423768154;4316.2;USD;2026-02-01;PAYMENT
C1987977423;2131.84;USD;2026-06-20;PAYMENT
C807322507;12986.61;USD;2026-12-24;PAYMENT
C283039401;42712.39;USD;2026-12-25;TRANSFER
C207471778;77957.68;USD;2026-10-13;TRANSFER
C1243171897;17231.46;USD;2026-07-31;TRANSFER
C1376151044;78766.03;USD;2026-11-05;TRANSFER
C873175411;224606.64;USD;2026-07-05;TRANSFER
C1443967876;125872.53;USD;2026-09-29;TRANSFER
C1449772539;379856.23;USD;2026-01-23;TRANSFER
C926859124;1505626.01;USD;2026-02-19;TRANSFER
C1603696865;554026.99;USD;2026-12-01;TRANSFER
C12905860;147543.1;USD;2026-07-04;TRANSFER
C412788346;761507.39;USD;2026-08-02;TRANSFER
C1520267010;1429051.47;USD;2026-11-15;TRANSFER
C908084672;358831.92;USD;2026-09-18;TRANSFER
C288306765;367768.4;USD;2026-12-01;TRANSFER
C1556867940;209711.11;USD;2026-05-28;TRANSFER
C1839168128;583848.46;USD;2026-03-19;TRANSFER
C1495608502;1724887.05;USD;2026-09-10;TRANSFER
C835773569;710544.77;USD;2026-10-24;TRANSFER
C843299092;581294.26;USD;2026-11-28;TRANSFER
C605982374;11996.58;USD;2026-06-24;TRANSFER
C1412322831;2875.1;USD;2026-04-10;PAYMENT
C1305004711;8586.98;USD;2026-01-20;PAYMENT
C1003206025;871.75;USD;2026-12-19;PAYMENT
C806813022;1035.36;USD;2026-06-14;PAYMENT
C1406206626;1063.53;USD;2026-09-21;PAYMENT
C1799230133;1019.9;USD;2026-01-20;PAYMENT
C20156341;4059.38;USD;2026-03-14;PAYMENT
C1509309988;1876.44;USD;2026-03-15;PAYMENT
C2091072548;28404.6;USD;2026-01-28;CASH_OUT
C263053820;75405.1;USD;2026-11-24;CASH_OUT
C1740826931;50101.88;USD;2026-07-19;CASH_OUT
C69062746;14121.82;USD;2026-10-22;CASH_OUT
C1631227617;78292.91;USD;2026-06-27;CASH_OUT
C24650043;176149.9;USD;2026-11-02;CASH_OUT
C1896074070;212228.35;USD;2026-05-06;CASH_OUT
C460741164;85423.63;USD;2026-11-17;CASH_OUT
C781091365;11648.5;USD;2026-09-09;CASH_OUT
C1858015030;6165.58;USD;2026-10-20;PAYMENT
C671596011;3705.83;USD;2026-10-19;PAYMENT
C1687354037;419801.4;USD;2026-11-27;CASH_OUT
C743778731;335416.51;USD;2026-10-30;CASH_OUT
C967323951;3372.29;USD;2026-05-22;PAYMENT
C743648472;661.43;USD;2026-10-27;PAYMENT
C1368862151;864.68;USD;2026-02-20;DEBIT
C922807452;1203.44;USD;2026-12-15;PAYMENT
C1494346128;330757.04;USD;2026-08-30;TRANSFER
C822087264;1915.43;USD;2026-07-04;PAYMENT
C38603201;8.73;USD;2026-06-10;PAYMENT
C1694784135;3058.8;USD;2026-10-19;DEBIT
C1207231495;5154.97;USD;2026-05-07;PAYMENT
C1221981006;5213.25;USD;2026-05-18;PAYMENT
C1878413714;5392.75;USD;2026-12-28;PAYMENT
C1257299717;25.12;USD;2026-07-04;PAYMENT
C181252244;17150.89;USD;2026-01-14;PAYMENT
C722417467;679502.24;USD;2026-07-11;TRANSFER
C753631393;177652.91;USD;2026-05-27;TRANSFER
C1262869688;5443.26;USD;2026-03-08;PAYMENT
C544386226;244.87;USD;2026-08-24;PAYMENT
C900298796;8281.57;USD;2026-09-02;PAYMENT
C1166106620;1175.59;USD;2026-03-21;PAYMENT
C221861886;1097.74;USD;2026-10-07;PAYMENT
C697508322;184986.8;USD;2026-09-27;TRANSFER
C603658030;1718.29;USD;2026-01-22;PAYMENT
C361380654;3671.32;USD;2026-05-05;PAYMENT
C1579132337;3580.26;USD;2026-12-26;DEBIT
C1795225096;8550.9;USD;2026-07-20;PAYMENT
C1048712791;9753.55;USD;2026-01-15;PAYMENT
C1909398279;3026.98;USD;2026-12-12;PAYMENT
C1338905451;467177.03;USD;2026-04-05;CASH_OUT
C1252540239;3875.99;USD;2026-07-26;DEBIT
C1136005694;2148.89;USD;2026-11-03;PAYMENT
C426019904;466.97;USD;2026-04-12;PAYMENT
C1642679791;154139.72;USD;2026-05-20;CASH_OUT
C855700733;82685.93;USD;2026-03-01;CASH_OUT
C247162961;83857.23;USD;2026-04-09;CASH_OUT
C1890266440;99109.77;USD;2026-10-08;CASH_OUT
C1527152775;187726.67;USD;2026-03-28;CASH_OUT
C1863655430;281339.92;USD;2026-02-02;CASH_OUT
C976827477;186447.51;USD;2026-12-22;CASH_OUT
C324112183;81029.86;USD;2026-06-13;CASH_OUT
C2092709730;139054.95;USD;2026-05-14;CASH_OUT
C980364771;154716.2;USD;2026-08-03;CASH_OUT
C1233595751;53631.83;USD;2026-06-19;CASH_OUT
C1446001495;289645.52;USD;2026-01-11;CASH_OUT
C1261044180;267148.82;USD;2026-01-01;CASH_OUT
C141110631;47913.58;USD;2026-08-17;CASH_OUT
C2029372696;193605.38;USD;2026-11-04;CASH_OUT
C793293778;344464.4;USD;2026-05-31;CASH_OUT
C888611662;169409.87;USD;2026-10-12;CASH_OUT
C1966355106;25793.74;USD;2026-06-11;CASH_OUT
C599782425;114712.48;USD;2026-11-29;CASH_OUT
C1233327519;89038.75;USD;2026-01-21;CASH_OUT
C1155769010;1341.58;USD;2026-09-04;CASH_OUT
C269892014;44443.08;USD;2026-08-15;CASH_OUT
C1280641161;34729.64;USD;2026-11-18;CASH_OUT
C489411441;105979.34;USD;2026-05-15;CASH_OUT
C1141113940;57794.61;USD;2026-01-03;CASH_OUT
C1711185459;15918.79;USD;2026-05-11;CASH_OUT
C25936709;19162.08;USD;2026-02-15;CASH_OUT
C1123559518;220691.42;USD;2026-12-29;CASH_OUT
C649769713;9536.54;USD;2026-09-12;CASH_OUT
C925150995;29784.06;USD;2026-08-31;CASH_OUT
C1760219993;190445.51;USD;2026-08-20;CASH_OUT
C1800649922;57279.11;USD;2026-05-19;CASH_OUT
C403547747;112086.81;USD;2026-08-31;CASH_OUT
C172215878;80311.89;USD;2026-10-28;CASH_OUT
C873309260;151829.91;USD;2026-05-27;CASH_OUT
C1112456099;26004.52;USD;2026-04-05;CASH_OUT
C923083575;3146.16;USD;2026-07-22;CASH_OUT
C589363823;296752.75;USD;2026-01-13;CASH_OUT
C2052457859;191702.06;USD;2026-11-13;CASH_OUT
C1299327689;365510.05;USD;2026-01-22;CASH_OUT
C1408279755;202332.08;USD;2026-04-22;CASH_OUT
C2007486296;55105.9;USD;2026-11-29;CASH_OUT
C1033348658;171508.59;USD;2026-10-31;CASH_OUT
C1634723627;178439.26;USD;2026-10-07;CASH_OUT
C938463537;88834.86;USD;2026-05-14;CASH_OUT
C2121995675;210370.09;USD;2026-07-29;CASH_OUT
C2120063568;36437.06;USD;2026-03-12;CASH_OUT
C1620409359;82691.56;USD;2026-02-20;CASH_OUT
C691691381;338767.1;USD;2026-08-07;CASH_OUT
C264978436;187728.59;USD;2026-11-26;CASH_OUT
C500618423;271002.7;USD;2026-09-13;CASH_OUT
C1458091526;323105.08;USD;2026-07-01;CASH_OUT
C768776793;10782.94;USD;2026-03-28;CASH_OUT
C2018260103;89962.11;USD;2026-10-12;CASH_OUT
C1393828949;101940.14;USD;2026-04-03;CASH_OUT
C1088417975;163100.34;USD;2026-05-13;CASH_OUT
C2036775591;136030.66;USD;2026-01-02;CASH_OUT
C1620529408;68912.23;USD;2026-07-03;CASH_OUT
C307488715;73464.06;USD;2026-11-13;CASH_OUT
C758572926;106117.28;USD;2026-06-25;CASH_OUT
C1640612861;503333.79;USD;2026-03-11;CASH_OUT
C990679445;71991.42;USD;2026-01-14;CASH_OUT
C913065088;91379.93;USD;2026-06-17;CASH_OUT
C746280996;26759.05;USD;2026-11-14;CASH_OUT
C50503805;128487.35;USD;2026-04-06;CASH_OUT
C1557989809;252908.87;USD;2026-07-10;CASH_OUT
C146874094;64489.64;USD;2026-09-15;CASH_OUT
C2123222442;171369.73;USD;2026-06-25;CASH_OUT
C1746570062;4493.29;USD;2026-09-09;PAYMENT
C1544078442;12121.5;USD;2026-06-11;PAYMENT
C1887699190;2278.19;USD;2026-10-01;PAYMENT
C1108889615;7707.44;USD;2026-11-17;PAYMENT
C455888635;4013.02;USD;2026-08-24;PAYMENT
C204322447;5775.15;USD;2026-01-08;PAYMENT
C1164365897;4843.93;USD;2026-06-26;PAYMENT
C3565780;2397.82;USD;2026-12-09;PAYMENT
C1865219266;4391.44;USD;2026-09-27;PAYMENT
C1278002745;4497.87;USD;2026-09-14;DEBIT
C214649627;7452.89;USD;2026-01-24;PAYMENT
C15477956;3930.81;USD;2026-02-21;PAYMENT
C2082351661;71532.24;USD;2026-05-04;CASH_OUT
C859690270;61159.51;USD;2026-07-08;CASH_OUT
C1389774257;12401.9;USD;2026-09-10;CASH_OUT
C553759818;32702.61;USD;2026-10-02;CASH_OUT
C751021317;6926.67;USD;2026-06-06;PAYMENT
C294658299;893.57;USD;2026-01-05;PAYMENT
C201677908;480222.51;USD;2026-05-09;TRANSFER
C635611994;3608.41;USD;2026-01-30;PAYMENT
C1930903395;5946.79;USD;2026-06-29;PAYMENT
C1700721442;6099.96;USD;2026-12-18;PAYMENT
C872522004;372.34;USD;2026-05-25;PAYMENT
C1110698130;4635.18;USD;2026-05-14;PAYMENT
C1053632127;1267.97;USD;2026-07-31;PAYMENT
C89509666;6911.99;USD;2026-07-16;PAYMENT
C1016856028;1795.67;USD;2026-05-24;PAYMENT
C832292933;3199.06;USD;2026-03-15;PAYMENT
C792855998;10265.17;USD;2026-05-05;PAYMENT
C1003755748;9029.12;USD;2026-08-27;PAYMENT
C1805164661;7600.57;USD;2026-04-05;PAYMENT
C896138248;2057.71;USD;2026-10-30;PAYMENT
C243575009;3823.08;USD;2026-06-22;PAYMENT
C1420196421;2806.0;USD;2026-08-27;TRANSFER
C2101527076;2806.0;USD;2026-08-04;CASH_OUT
C1454026445;6737.2;USD;2026-11-28;PAYMENT
C892931811;9161.98;USD;2026-09-11;PAYMENT
C1574873161;1239.06;USD;2026-11-07;PAYMENT
C600958416;365.0;USD;2026-11-16;PAYMENT
C1492875057;5237.54;USD;2026-10-28;PAYMENT
C1068945248;2618.76;USD;2026-12-18;PAYMENT
C882646447;339.82;USD;2026-01-21;PAYMENT
C79290250;1393.46;USD;2026-09-19;DEBIT
C1586151649;2731.37;USD;2026-03-23;PAYMENT
C1767230265;8364.73;USD;2026-08-02;PAYMENT
C727666004;6598.71;USD;2026-04-23;PAYMENT
C414225167;4304.58;USD;2026-12-13;PAYMENT
C975033189;2867.14;USD;2026-11-02;PAYMENT
C628064884;2946.38;USD;2026-10-12;PAYMENT
C1389509050;507.12;USD;2026-10-26;PAYMENT
C1761217448;3020.86;USD;2026-05-02;PAYMENT
C788905599;8948.03;USD;2026-10-09;PAYMENT
C1544614339;280877.92;USD;2026-10-15;CASH_OUT
C2059592603;1084.9;USD;2026-01-10;PAYMENT
C1688782916;9456.69;USD;2026-12-11;PAYMENT
C1390301622;5812.36;USD;2026-03-31;PAYMENT
C973936431;157883.07;USD;2026-04-09;TRANSFER
C1756207614;2734.77;USD;2026-10-26;PAYMENT
C2015301874;102153.86;USD;2026-12-27;CASH_OUT
C712627377;584.52;USD;2026-12-26;PAYMENT
C399373008;6113.14;USD;2026-06-30;PAYMENT
C1936550492;369989.2;USD;2026-08-04;CASH_OUT
C594651850;215338.28;USD;2026-07-10;CASH_OUT
C1532139270;65521.42;USD;2026-12-10;CASH_OUT
C1677568775;116977.58;USD;2026-10-22;CASH_OUT
C2069500590;262392.36;USD;2026-02-09;CASH_OUT
C1431556341;51121.05;USD;2026-10-19;CASH_OUT
C452364286;202624.59;USD;2026-10-14;CASH_OUT
C350069300;118235.16;USD;2026-01-08;CASH_OUT
C1060703587;118056.71;USD;2026-03-09;CASH_OUT
C1957078537;498960.91;USD;2026-08-15;CASH_OUT
C1514214932;691738.36;USD;2026-01-15;CASH_OUT
C594858858;58820.08;USD;2026-10-10;CASH_OUT
C1423016050;4419.04;USD;2026-05-12;PAYMENT
C1202042637;4270.02;USD;2026-06-07;PAYMENT
C440736059;3007.83;USD;2026-03-25;PAYMENT
C1384563514;1824.59;USD;2026-04-22;PAYMENT
C1548946718;993.46;USD;2026-04-23;PAYMENT
C140404585;302693.14;USD;2026-09-19;CASH_OUT
C207546206;1445.06;USD;2026-12-01;PAYMENT
C200404000;4059.25;USD;2026-07-31;PAYMENT
C191945292;3417.18;USD;2026-12-04;PAYMENT
C1317375498;3428.95;USD;2026-09-09;DEBIT
C1130346421;5580.98;USD;2026-04-17;PAYMENT
C192428201;3455.85;USD;2026-05-04;DEBIT
C1768882706;7265.63;USD;2026-05-02;PAYMENT
C472991420;3852.64;USD;2026-02-07;PAYMENT
C1202220987;7870.29;USD;2026-07-22;PAYMENT
C425015667;12872.92;USD;2026-10-28;DEBIT
C2075568954;6675.34;USD;2026-11-17;PAYMENT
C1279740095;410201.89;USD;2026-06-02;CASH_OUT
C2095677157;13310.78;USD;2026-05-21;PAYMENT
C1943855334;664.35;USD;2026-04-10;PAYMENT
C847320212;2130.3;USD;2026-09-16;PAYMENT
C1406848276;7771.4;USD;2026-06-12;PAYMENT
C785306763;36349.35;USD;2026-05-22;PAYMENT
C1123236701;749.34;USD;2026-05-22;PAYMENT
C79161706;2340.34;USD;2026-08-27;PAYMENT
C1057468716;9686.85;USD;2026-11-29;PAYMENT
C1888924788;15785.85;USD;2026-06-08;PAYMENT
C1016633682;9006.78;USD;2026-12-31;PAYMENT
C1027319653;9014.95;USD;2026-10-21;PAYMENT
C1561745898;14420.66;USD;2026-02-24;PAYMENT
C424786033;4802.31;USD;2026-04-03;PAYMENT
C867093003;28527.44;USD;2026-06-14;PAYMENT
C1470911015;4182.93;USD;2026-11-20;PAYMENT
C244872973;4088.21;USD;2026-07-03;PAYMENT
C795748540;8491.9;USD;2026-01-12;PAYMENT
C837073696;6666.78;USD;2026-06-04;DEBIT
C416201381;6536.86;USD;2026-01-22;PAYMENT
C1985938863;40684.97;USD;2026-06-12;CASH_OUT
C1660325375;1553.21;USD;2026-03-21;PAYMENT
C334593716;7344.92;USD;2026-07-21;DEBIT
C487416600;106267.21;USD;2026-10-08;CASH_OUT
C1271041075;5491.5;USD;2026-06-20;PAYMENT
C1544895390;3666.42;USD;2026-10-09;PAYMENT
C1971991758;5507.18;USD;2026-05-29;PAYMENT
C201274566;4565.14;USD;2026-11-23;DEBIT
C354605216;11348.71;USD;2026-01-12;PAYMENT
C1447353473;123179.97;USD;2026-03-13;TRANSFER
C611289995;7073.6;USD;2026-04-18;PAYMENT
C1129433283;2803.83;USD;2026-01-25;PAYMENT
C1810518740;106.81;USD;2026-03-20;PAYMENT
C1547883191;6297.71;USD;2026-05-02;PAYMENT
C1528769018;2610.01;USD;2026-06-26;PAYMENT
C1089930529;5320.1;USD;2026-11-20;PAYMENT
C1429483328;1460.63;USD;2026-05-11;PAYMENT
C1927963027;522264.81;USD;2026-01-01;TRANSFER
C833240229;3584.21;USD;2026-06-13;DEBIT
C1167088639;3704.97;USD;2026-09-16;PAYMENT
C191568263;2773.61;USD;2026-09-12;PAYMENT
C751608431;3896.42;USD;2026-09-28;PAYMENT
C893640573;18781.84;USD;2026-04-28;PAYMENT
C893523498;6660.33;USD;2026-07-13;PAYMENT
C1108517064;26923.42;USD;2026-12-13;TRANSFER
C511354923;53783.57;USD;2026-11-25;TRANSFER
C992743048;80333.28;USD;2026-03-03;TRANSFER
C1540894701;211075.91;USD;2026-04-18;TRANSFER
C203149502;100677.86;USD;2026-03-11;TRANSFER
C1198197478;473499.51;USD;2026-10-18;TRANSFER
C476579021;1538200.39;USD;2026-06-19;TRANSFER
C106297322;2421578.09;USD;2026-06-23;TRANSFER
C1419332030;1349670.68;USD;2026-11-23;TRANSFER
C1262110193;314403.14;USD;2026-07-05;TRANSFER
C396918327;1457213.54;USD;2026-12-18;TRANSFER
C1055601039;180368.84;USD;2026-06-17;TRANSFER
C547441493;445038.71;USD;2026-12-10;TRANSFER
C967677821;1123206.66;USD;2026-02-14;TRANSFER
C1839206329;996.0;USD;2026-05-09;DEBIT
C169880779;176334.26;USD;2026-12-01;TRANSFER
C552674617;161217.61;USD;2026-05-25;TRANSFER
C1974622245;108443.61;USD;2026-07-19;TRANSFER
C402808045;75442.68;USD;2026-07-22;TRANSFER
C332365138;55536.86;USD;2026-11-21;TRANSFER
C977160959;438437.09;USD;2026-02-16;TRANSFER
C1563053805;928722.69;USD;2026-11-16;TRANSFER
C1464177809;1478772.04;USD;2026-01-01;TRANSFER
C1057507014;2545478.01;USD;2026-07-01;TRANSFER
C2007599722;2061082.82;USD;2026-08-01;TRANSFER
C2029780820;983479.66;USD;2026-07-19;TRANSFER
C65080774;635507.97;USD;2026-08-02;TRANSFER
C2116179210;848231.57;USD;2026-01-18;TRANSFER
C1172535934;739112.93;USD;2026-12-31;TRANSFER
C1648700617;324397.94;USD;2026-02-23;TRANSFER
C1765900922;982862.81;USD;2026-04-20;TRANSFER
C94830685;955855.0;USD;2026-10-02;TRANSFER
C1539947037;179253.24;USD;2026-05-23;TRANSFER
C270661321;5446.88;USD;2026-03-26;PAYMENT
C1217312754;648.64;USD;2026-06-10;PAYMENT
C1099552523;8494.71;USD;2026-03-25;PAYMENT
C1047934137;373068.26;USD;2026-07-02;CASH_OUT
C1862994526;143236.26;USD;2026-08-25;CASH_IN
C1614133563;228451.89;USD;2026-02-18;CASH_IN
C839771540;35902.49;USD;2026-10-08;CASH_IN
C1037163664;232953.64;USD;2026-04-16;CASH_IN
C180316302;65912.95;USD;2026-04-03;CASH_IN
C1200546947;193492.68;USD;2026-01-11;CASH_IN
C443713699;60836.64;USD;2026-05-10;CASH_IN
C695530017;62325.15;USD;2026-10-29;CASH_IN
C1493042329;349640.51;USD;2026-06-01;CASH_IN
C1751403001;135324.19;USD;2026-09-25;CASH_IN
C1717433286;380015.14;USD;2026-04-18;CASH_IN
C1756819670;418688.27;USD;2026-05-04;CASH_IN
C1078262677;311023.52;USD;2026-07-21;CASH_IN
C178604517;151862.38;USD;2026-04-07;CASH_IN
C57624756;228710.05;USD;2026-10-10;CASH_IN
C1543518287;220431.09;USD;2026-08-14;CASH_IN
C998242313;182861.45;USD;2026-02-15;CASH_IN
C464872674;231881.5;USD;2026-08-27;CASH_IN
C1659286984;38071.17;USD;2026-01-17;CASH_IN
C1064905627;87117.29;USD;2026-05-06;CASH_IN
C2072130509;114271.72;USD;2026-07-09;CASH_IN
C1260440107;73199.1;USD;2026-06-11;CASH_IN
C482307698;764772.98;USD;2026-09-15;CASH_IN
C1793899405;106847.36;USD;2026-04-26;CASH_IN
C1765702;6287.28;USD;2026-06-29;CASH_IN
C1302725372;24936.34;USD;2026-06-13;CASH_IN
C713898436;55837.16;USD;2026-02-18;CASH_IN
C632475595;63255.29;USD;2026-04-09;CASH_IN
C1920305914;104605.78;USD;2026-05-08;CASH_IN
C263833514;154160.82;USD;2026-06-19;CASH_IN
C1278839936;257348.03;USD;2026-04-19;CASH_IN
C2143739483;201073.81;USD;2026-12-03;CASH_IN
C565881091;53560.68;USD;2026-10-25;CASH_IN
C1618984457;334234.39;USD;2026-10-25;CASH_IN
C1621254922;227335.16;USD;2026-05-13;CASH_IN
C702500163;134426.08;USD;2026-04-02;CASH_IN
C1574509514;2643.45;USD;2026-08-01;CASH_IN
C1087072654;134977.11;USD;2026-11-19;CASH_IN
C864221358;25090.03;USD;2026-08-25;CASH_IN
C1617174216;147388.67;USD;2026-07-22;CASH_IN
C1979080261;217615.09;USD;2026-10-26;CASH_IN
C1860886124;355294.5;USD;2026-06-01;CASH_IN
C1250499735;12336.48;USD;2026-03-22;CASH_IN
C173791568;349505.89;USD;2026-03-12;CASH_IN
C1293462056;285185.34;USD;2026-09-26;CASH_IN
C1966670937;132953.45;USD;2026-01-15;CASH_IN
C2002174925;214851.41;USD;2026-10-06;CASH_IN
C588449070;54988.56;USD;2026-11-27;CASH_IN
C735228558;62871.06;USD;2026-03-22;CASH_IN
C376725601;61150.85;USD;2026-09-23;CASH_IN
C1476235721;131409.27;USD;2026-05-21;CASH_IN
C1828508781;10844.33;USD;2026-08-11;CASH_IN
C1376017854;2054.84;USD;2026-02-03;PAYMENT
C1552870927;313373.56;USD;2026-08-04;CASH_IN
C1448805967;13289.87;USD;2026-06-04;CASH_IN
C641882263;27070.11;USD;2026-04-23;CASH_IN
C1930837320;127954.7;USD;2026-11-28;CASH_IN
C1489193907;197031.04;USD;2026-03-30;CASH_IN
C1453606810;144366.64;USD;2026-07-20;CASH_IN
C1645624121;7965.49;USD;2026-03-02;CASH_IN
C547923534;123103.74;USD;2026-12-05;CASH_IN
C1660223291;106634.77;USD;2026-11-18;CASH_IN
C379124840;74933.22;USD;2026-07-27;CASH_IN
C1157943921;120234.99;USD;2026-02-06;CASH_IN
C544966217;5763.99;USD;2026-03-09;CASH_IN
C1706272858;156922.36;USD;2026-11-24;CASH_IN
C882471736;162665.98;USD;2026-09-23;CASH_IN
C1475192960;110226.34;USD;2026-08-10;CASH_IN
C727197178;142577.44;USD;2026-12-17;CASH_IN
C1406253491;6915.38;USD;2026-09-14;CASH_IN
C749604930;157108.01;USD;2026-08-23;CASH_IN
C373097727;223555.14;USD;2026-09-21;CASH_IN
C2082509879;146331.12;USD;2026-10-07;CASH_IN
C576894497;141131.23;USD;2026-07-19;CASH_IN
C2123533871;222711.47;USD;2026-08-17;CASH_IN
C16148478;84980.31;USD;2026-04-21;CASH_IN
C2022689531;628719.07;USD;2026-07-23;CASH_IN
C1340848245;79285.8;USD;2026-03-11;CASH_IN
C635610193;57809.81;USD;2026-07-10;CASH_IN
C379121284;75043.17;USD;2026-10-30;CASH_IN
C281421502;248196.92;USD;2026-04-02;CASH_IN
C50072771;18851.44;USD;2026-03-09;CASH_IN
C848097505;403418.39;USD;2026-05-05;CASH_IN
C1672598778;235564.81;USD;2026-02-12;CASH_IN
C1122233828;32325.24;USD;2026-05-11;CASH_IN
C538667887;345347.7;USD;2026-03-06;CASH_IN
C1967496309;355500.25;USD;2026-06-11;CASH_IN
C406749219;103005.78;USD;2026-12-15;CASH_IN
C1173340685;108803.98;USD;2026-06-13;CASH_IN
C1045731788;259753.27;USD;2026-08-10;CASH_IN
C1739267143;234094.24;USD;2026-12-11;CASH_IN
C192456457;273305.73;USD;2026-05-29;CASH_IN
C817689537;186838.95;USD;2026-10-21;CASH_IN
C708613859;193161.04;USD;2026-06-06;CASH_IN
C365625031;152823.85;USD;2026-07-15;CASH_IN
C1531200408;91457.82;USD;2026-02-16;CASH_IN
C212963786;277807.48;USD;2026-01-30;CASH_IN
C1123321137;8679.13;USD;2026-05-01;CASH_IN
C685934;2099.59;USD;2026-09-28;CASH_IN
C2032909428;221693.08;USD;2026-08-05;CASH_IN
C2031377754;206097.65;USD;2026-01-23;CASH_IN
C523211332;22384.21;USD;2026-11-05;CASH_IN
C1280124872;73210.99;USD;2026-10-20;CASH_IN
C1747053097;236747.6;USD;2026-07-08;CASH_IN
C864326906;6284.18;USD;2026-08-24;CASH_IN
C1348115836;100198.77;USD;2026-02-20;CASH_IN
C1972143064;160347.32;USD;2026-09-25;CASH_IN
C312168418;289272.75;USD;2026-05-21;CASH_IN
C95369743;63189.26;USD;2026-04-16;CASH_IN
C26928827;196725.32;USD;2026-12-24;CASH_IN
C278476563;5882.32;USD;2026-04-26;PAYMENT
C615954678;625.92;USD;2026-03-31;DEBIT
C1926180325;5937.72;USD;2026-11-20;PAYMENT
C1594039997;9796.29;USD;2026-11-23;PAYMENT
C1170788511;13449.95;USD;2026-02-22;PAYMENT
C347091104;4749.6;USD;2026-09-02;PAYMENT
C1110195322;6460.86;USD;2026-07-11;PAYMENT
C226690498;3605.26;USD;2026-09-21;PAYMENT
C1976602906;624.61;USD;2026-03-26;PAYMENT
C1624351535;3854.92;USD;2026-09-28;PAYMENT
C582300198;420532.33;USD;2026-03-01;TRANSFER
C533415944;4402.86;USD;2026-02-07;PAYMENT
C1086849943;147804.02;USD;2026-06-28;CASH_OUT
C1265053098;151.2;USD;2026-02-17;PAYMENT
C235370598;58.21;USD;2026-01-19;PAYMENT
C2083217543;5936.82;USD;2026-04-18;PAYMENT
C177104018;145944.67;USD;2026-04-22;CASH_OUT
C478139423;7206.33;USD;2026-05-04;TRANSFER
C997695567;5581.55;USD;2026-01-25;DEBIT
C2066892165;5853.21;USD;2026-04-09;DEBIT
C48305285;2528.1;USD;2026-11-19;PAYMENT
C1714378342;5655.17;USD;2026-10-05;PAYMENT
C93798665;1456.09;USD;2026-07-16;PAYMENT
C519303080;4252.82;USD;2026-06-09;PAYMENT
C1871680329;276460.62;USD;2026-11-08;TRANSFER
C1976166251;8811.67;USD;2026-09-26;PAYMENT
C1547398254;12666.68;USD;2026-10-21;PAYMENT
C1979055448;95636.49;USD;2026-12-01;CASH_OUT
C934740803;195314.34;USD;2026-08-16;CASH_OUT
C812143047;6049.09;USD;2026-04-15;PAYMENT
C1215951090;14306.8;USD;2026-04-25;PAYMENT
C894421232;1117.34;USD;2026-07-31;PAYMENT
C1182311147;3179.7;USD;2026-03-20;DEBIT
C1531182070;2880.68;USD;2026-01-17;PAYMENT
C1491860739;3060.54;USD;2026-05-29;PAYMENT
C534753234;879.42;USD;2026-10-26;PAYMENT
C231725600;3486.78;USD;2026-05-29;PAYMENT
C259251414;21530.96;USD;2026-12-21;PAYMENT
C803893384;2426.31;USD;2026-04-12;PAYMENT
C1372422140;5110.1;USD;2026-03-22;PAYMENT
C1288108586;207.75;USD;2026-11-23;PAYMENT
C2054757222;18437.04;USD;2026-06-08;PAYMENT
C348132918;8690.69;USD;2026-09-27;PAYMENT
C1805443519;4946.03;USD;2026-01-14;PAYMENT
C1978504976;5432.09;USD;2026-09-24;PAYMENT
C1129869771;7649.41;USD;2026-02-26;PAYMENT
C2044337856;3943.17;USD;2026-06-06;PAYMENT
C422409467;3101.33;USD;2026-11-29;PAYMENT
C1659515968;51719.13;USD;2026-07-20;TRANSFER
C664091267;13465.91;USD;2026-07-21;PAYMENT
C1724814719;19561.05;USD;2026-04-18;PAYMENT
C1543146693;9762.28;USD;2026-07-22;PAYMENT
C1956415355;9778.81;USD;2026-07-02;PAYMENT
C24039137;562903.81;USD;2026-07-08;CASH_OUT
C992086987;5055.94;USD;2026-10-31;PAYMENT
C1244867001;2858.89;USD;2026-07-19;PAYMENT
C369805307;8531.42;USD;2026-04-08;PAYMENT
C1100109058;84.22;USD;2026-07-29;PAYMENT
C1394010463;227478.01;USD;2026-04-27;CASH_OUT
C1057307776;5033.02;USD;2026-06-19;PAYMENT
C1636588948;100588.8;USD;2026-10-28;TRANSFER
C95685867;9374.72;USD;2026-02-06;PAYMENT
C494953170;598.24;USD;2026-02-15;PAYMENT
C999647352;4531.55;USD;2026-05-22;PAYMENT
C677120200;2998.2;USD;2026-01-13;PAYMENT
C957923719;9269.99;USD;2026-07-23;PAYMENT
C1692073709;1209.64;USD;2026-07-24;PAYMENT
C1197498159;1298.7;USD;2026-03-22;PAYMENT
C500230084;7797.0;USD;2026-06-17;PAYMENT
C1028145537;5831.03;USD;2026-12-28;PAYMENT
C2078641942;7067.9;USD;2026-05-24;PAYMENT
C1527882132;14895.51;USD;2026-12-31;PAYMENT
C1626852381;3316.21;USD;2026-09-24;PAYMENT
C1193398802;22276.0;USD;2026-03-14;PAYMENT
C1171255580;16505.51;USD;2026-05-05;PAYMENT
C1275009283;636.95;USD;2026-10-17;PAYMENT
C1478995734;2056.59;USD;2026-05-29;PAYMENT
C1456061400;704.74;USD;2026-08-30;PAYMENT
C104261836;3222.32;USD;2026-09-18;PAYMENT
C351656492;11889.61;USD;2026-03-07;PAYMENT
C597364637;9491.89;USD;2026-05-04;PAYMENT
C1527086220;6131.21;USD;2026-08-08;PAYMENT
C1697281847;11938.61;USD;2026-02-18;PAYMENT
C737104370;4233.45;USD;2026-01-30;PAYMENT
C821405322;32643.79;USD;2026-05-20;PAYMENT
C1328323494;622.15;USD;2026-09-05;PAYMENT
C1408533352;4573.12;USD;2026-08-09;PAYMENT
C252615006;6057.8;USD;2026-10-20;PAYMENT
C1943750504;5770.32;USD;2026-11-24;PAYMENT
C176955204;9152.97;USD;2026-11-20;PAYMENT
C1011044643;12154.7;USD;2026-10-01;DEBIT
C1358857082;8378.01;USD;2026-06-07;PAYMENT
C2056234595;9616.45;USD;2026-02-07;PAYMENT
C2023917549;2231.28;USD;2026-06-04;PAYMENT
C1398260359;4932.54;USD;2026-06-13;PAYMENT
C2052223881;65413.89;USD;2026-03-31;CASH_IN
C1213871206;98560.08;USD;2026-07-31;CASH_IN
C628392976;15054.61;USD;2026-12-31;CASH_IN
C725832346;161632.16;USD;2026-06-21;CASH_IN
C1113895488;47529.19;USD;2026-05-11;CASH_IN
C1527007086;9577.45;USD;2026-05-29;CASH_IN
C1523649562;414238.59;USD;2026-06-16;CASH_IN
C1807176280;89327.65;USD;2026-03-12;CASH_IN
C203819996;194900.16;USD;2026-04-12;CASH_IN
C1977618945;24470.43;USD;2026-04-16;CASH_IN
C662925691;217668.38;USD;2026-07-12;CASH_IN
C1995952705;9067.51;USD;2026-11-20;CASH_IN
C1244880808;336827.91;USD;2026-04-29;CASH_IN
C1060519157;45317.95;USD;2026-03-01;CASH_IN
C58890945;230021.01;USD;2026-07-10;CASH_IN
C1269773610;154578.28;USD;2026-05-29;CASH_IN
C464649704;314134.01;USD;2026-04-19;CASH_IN
C367967231;206405.92;USD;2026-08-19;CASH_IN
C36531985;158995.29;USD;2026-10-21;CASH_IN
C815336475;188238.54;USD;2026-06-03;CASH_IN
C609483101;21255.8;USD;2026-05-22;CASH_IN
C1149407083;205955.77;USD;2026-04-24;CASH_IN
C767436045;178370.36;USD;2026-01-11;CASH_IN
C1430199669;42547.96;USD;2026-03-15;CASH_IN
C1847431070;15152.15;USD;2026-06-11;CASH_IN
C1043639521;39249.67;USD;2026-07-21;CASH_IN
C1660837991;101669.17;USD;2026-02-19;CASH_IN
C1325866488;81694.11;USD;2026-09-29;CASH_IN
C1306794745;10266.7;USD;2026-02-24;CASH_IN
C1454171136;35502.25;USD;2026-11-24;CASH_IN
C1195396074;183250.0;USD;2026-05-06;CASH_IN
C811562535;219220.21;USD;2026-02-03;CASH_IN
C1560379655;254895.5;USD;2026-06-20;CASH_IN
C1824322115;143148.97;USD;2026-08-26;CASH_IN
C702999333;132457.52;USD;2026-08-20;CASH_IN
C1648582256;148834.28;USD;2026-09-06;CASH_IN
C865858182;106727.81;USD;2026-09-18;CASH_IN
C951988316;223123.71;USD;2026-07-24;CASH_IN
C647973805;194311.34;USD;2026-07-24;CASH_IN
C1591161296;338964.91;USD;2026-03-30;CASH_IN
C842331982;247575.4;USD;2026-01-04;CASH_IN
C2076249476;29467.02;USD;2026-05-20;CASH_IN
C660595570;90340.16;USD;2026-05-01;CASH_IN
C1088491512;198847.32;USD;2026-03-03;CASH_IN
C1434066477;155075.41;USD;2026-04-23;CASH_IN
C648315947;76932.89;USD;2026-12-23;CASH_IN
C2117642238;92971.79;USD;2026-02-18;CASH_IN
C913242382;7322.98;USD;2026-11-26;CASH_IN
C870322840;222126.95;USD;2026-02-09;CASH_IN
C837246227;62983.91;USD;2026-12-24;CASH_IN
C173738886;1271.77;USD;2026-07-30;CASH_IN
C1262237002;246816.65;USD;2026-06-09;CASH_IN
C2029754983;21898.97;USD;2026-03-10;CASH_IN
C1946111918;30811.56;USD;2026-05-25;CASH_IN
C564817260;100275.09;USD;2026-10-28;CASH_IN
C194415222;46630.53;USD;2026-06-12;CASH_IN
C798622145;158775.58;USD;2026-01-23;CASH_IN
C638695843;90556.08;USD;2026-09-23;CASH_IN
C1411543296;173948.89;USD;2026-10-25;CASH_IN
C1800967368;66216.71;USD;2026-11-22;CASH_IN
C338887787;216133.99;USD;2026-07-10;CASH_IN
C1061448687;371883.82;USD;2026-03-19;CASH_IN
C2015999862;770537.37;USD;2026-02-04;CASH_IN
C1467515503;71275.47;USD;2026-08-07;CASH_IN
C1533330615;336298.77;USD;2026-03-16;CASH_IN
C1197721383;317393.38;USD;2026-11-21;CASH_IN
C1917082298;181002.01;USD;2026-08-04;CASH_IN
C1639765351;311449.38;USD;2026-06-11;CASH_IN
C478209179;270824.42;USD;2026-09-14;CASH_IN
C1166230227;1449.03;USD;2026-03-03;PAYMENT
C307411297;3551.48;USD;2026-07-30;PAYMENT
C1445424568;227768.63;USD;2026-08-11;CASH_OUT
C1374217958;172986.7;USD;2026-05-17;CASH_OUT
C1459016715;4940.2;USD;2026-11-30;PAYMENT
C1530957251;2755.96;USD;2026-05-24;PAYMENT
C767511741;8807.01;USD;2026-09-24;DEBIT
C548795052;3111.86;USD;2026-01-31;DEBIT
C2143571436;10040.52;USD;2026-05-17;PAYMENT
C691863815;5363.0;USD;2026-12-23;DEBIT
C647149086;11990.19;USD;2026-11-19;PAYMENT
C103787801;266.88;USD;2026-03-01;PAYMENT
C1959451969;1928.55;USD;2026-03-23;PAYMENT
C1441328175;10648.06;USD;2026-12-24;PAYMENT
C1831141281;962.43;USD;2026-08-25;PAYMENT
C2000648320;8348.1;USD;2026-05-23;PAYMENT
C1114335860;6969.67;USD;2026-01-02;PAYMENT
C137533655;20128.0;USD;2026-07-08;TRANSFER
C1118430673;20128.0;USD;2026-06-25;CASH_OUT
C1527254842;154.87;USD;2026-11-11;PAYMENT
C1800693087;4040.84;USD;2026-04-29;DEBIT
C1717473929;6490.17;USD;2026-12-29;PAYMENT
C1868578441;1101.09;USD;2026-06-07;PAYMENT
C890160158;4347.78;USD;2026-12-16;DEBIT
C1768127248;213922.13;USD;2026-04-10;CASH_OUT
C119112899;83859.59;USD;2026-08-15;CASH_OUT
C375074687;33269.25;USD;2026-07-31;CASH_OUT
C1429616542;51749.94;USD;2026-11-02;CASH_OUT
C662666707;86410.3;USD;2026-08-16;CASH_OUT
C1821100643;10856.63;USD;2026-12-20;CASH_OUT
C593768538;161613.93;USD;2026-12-04;CASH_OUT
C1191864687;244361.81;USD;2026-04-22;CASH_OUT
C466032056;596617.87;USD;2026-10-17;CASH_OUT
C690822257;108600.78;USD;2026-03-25;CASH_OUT
C726212590;377520.94;USD;2026-10-01;CASH_OUT
C1058822905;60758.42;USD;2026-07-05;CASH_OUT
C475394679;86204.31;USD;2026-09-26;CASH_OUT
C1574615832;1234.0;USD;2026-03-07;CASH_OUT
C1049590050;18288.91;USD;2026-11-15;CASH_OUT
C1662592920;248979.22;USD;2026-12-23;CASH_OUT
C1357686726;126774.5;USD;2026-01-08;CASH_OUT
C1491522744;38428.19;USD;2026-06-15;CASH_OUT
C501608687;109732.52;USD;2026-01-28;CASH_OUT
C929706284;17851.54;USD;2026-01-23;CASH_OUT
C42820240;5223.97;USD;2026-12-21;CASH_OUT
C1822434669;63807.17;USD;2026-02-13;CASH_OUT
C1592840862;406297.68;USD;2026-07-30;CASH_OUT
C955611965;4779.93;USD;2026-09-18;PAYMENT
C1021565761;16631.14;USD;2026-06-25;TRANSFER
C1692375649;2771.16;USD;2026-06-05;PAYMENT
C237373286;3154.06;USD;2026-04-16;PAYMENT
C883521348;7813.63;USD;2026-11-21;PAYMENT
C2086068243;360.13;USD;2026-10-24;PAYMENT
C1076202543;431381.17;USD;2026-07-25;CASH_OUT
C749486981;43670.84;USD;2026-09-01;TRANSFER
C1731295355;7342.63;USD;2026-06-22;PAYMENT
C2061440682;7417.09;USD;2026-02-25;PAYMENT
C1488946768;8865.26;USD;2026-02-21;PAYMENT
C1907241392;213490.87;USD;2026-01-24;CASH_OUT
C1269118128;7444.4;USD;2026-07-24;PAYMENT
C739264372;287265.38;USD;2026-02-11;CASH_OUT
C749981943;416001.33;USD;2026-10-31;CASH_OUT
C1313960293;6432.26;USD;2026-04-24;PAYMENT
C1785111044;8690.86;USD;2026-04-26;PAYMENT
C494894055;3791.28;USD;2026-04-04;PAYMENT
C500885941;4111.34;USD;2026-07-25;PAYMENT
C616412281;7163.9;USD;2026-07-03;PAYMENT
C878861517;6557.51;USD;2026-08-27;PAYMENT
C1705665942;17348.25;USD;2026-09-01;PAYMENT
C1100619942;1586.28;USD;2026-03-20;PAYMENT
C864248990;6811.97;USD;2026-10-11;PAYMENT
C15892131;36651.07;USD;2026-05-06;PAYMENT
C879311295;4804.68;USD;2026-10-09;PAYMENT
C1483145520;19375.5;USD;2026-04-02;PAYMENT
C163385254;13833.75;USD;2026-02-27;PAYMENT
C970781872;21008.52;USD;2026-11-05;PAYMENT
C258737099;22043.92;USD;2026-04-28;PAYMENT
C407997647;32635.14;USD;2026-03-05;PAYMENT
C1988939205;11438.39;USD;2026-12-03;PAYMENT
C275056979;13527.16;USD;2026-09-02;PAYMENT
C371976476;11881.78;USD;2026-03-06;PAYMENT
C480184864;9805.46;USD;2026-12-10;PAYMENT
C483525032;9470.85;USD;2026-06-04;PAYMENT
C429058804;20560.86;USD;2026-09-01;PAYMENT
C52913970;13679.84;USD;2026-08-26;PAYMENT
C836969741;15448.0;USD;2026-05-30;PAYMENT
C567852222;1987.4;USD;2026-05-25;PAYMENT
C1938025186;4145.04;USD;2026-11-22;PAYMENT
C2088582214;3511.45;USD;2026-01-27;PAYMENT
C1220759559;1118.1;USD;2026-04-06;PAYMENT
C1730337646;15.06;USD;2026-09-26;PAYMENT
C1256405521;352568.35;USD;2026-11-16;CASH_IN
C2051598050;3043.27;USD;2026-11-14;PAYMENT
C61426020;9758.09;USD;2026-11-27;PAYMENT
C1829460911;5924.89;USD;2026-01-07;PAYMENT
C708153797;9550.43;USD;2026-11-30;PAYMENT
C54960993;4355.66;USD;2026-10-02;PAYMENT
C373544591;6973.12;USD;2026-09-02;DEBIT
C409565350;2358.63;USD;2026-06-25;PAYMENT
C1210939243;374.36;USD;2026-10-11;DEBIT
C1079125839;8946.63;USD;2026-07-18;PAYMENT
C696165690;20573.4;USD;2026-03-29;PAYMENT
C1542598424;8358.12;USD;2026-09-29;PAYMENT
C2054451662;1006.76;USD;2026-03-14;PAYMENT
C1659309731;10498.05;USD;2026-08-30;PAYMENT
C1734184086;463722.76;USD;2026-12-08;TRANSFER
C1947941827;138857.19;USD;2026-10-02;TRANSFER
C785625589;5184.9;USD;2026-02-05;PAYMENT
C1758893871;3626.96;USD;2026-06-07;PAYMENT
C1985028494;282.42;USD;2026-10-29;PAYMENT
C1832283291;8703.54;USD;2026-03-03;DEBIT
C1532554556;3673.1;USD;2026-02-13;PAYMENT
C976358110;9800.58;USD;2026-05-18;PAYMENT
C2014563089;88987.11;USD;2026-09-20;CASH_OUT
C198098993;4227.19;USD;2026-06-27;PAYMENT
C854653864;2881.51;USD;2026-05-13;PAYMENT
C703555670;4376.46;USD;2026-09-22;PAYMENT
C1068445309;11656.12;USD;2026-02-18;PAYMENT
C1453062635;345698.98;USD;2026-08-24;TRANSFER
C1632789609;3292.21;USD;2026-08-15;PAYMENT
C124494140;7367.06;USD;2026-11-18;PAYMENT
C2083854344;2937.34;USD;2026-09-27;PAYMENT
C1119242936;1150.14;USD;2026-09-05;DEBIT
C2123914473;3563.36;USD;2026-07-26;PAYMENT
C1091234211;2380.46;USD;2026-07-31;PAYMENT
C224060798;2266.02;USD;2026-02-23;PAYMENT
C2116299597;32132.45;USD;2026-12-22;TRANSFER
C50720817;51627.39;USD;2026-07-11;TRANSFER
C1496220730;62073.54;USD;2026-06-22;TRANSFER
C488600086;13614.91;USD;2026-04-26;TRANSFER
C1111379131;2290.73;USD;2026-05-12;TRANSFER
C1846982837;637161.0;USD;2026-11-29;TRANSFER
C1135935001;639378.37;USD;2026-11-30;TRANSFER
C635288507;34390.85;USD;2026-11-27;TRANSFER
C355885103;1867849.02;USD;2026-07-22;TRANSFER
C1321115948;1193410.46;USD;2026-05-27;TRANSFER
C706665172;348186.2;USD;2026-07-25;TRANSFER
C1649847375;1440296.14;USD;2026-04-26;TRANSFER
C1153933106;799483.57;USD;2026-01-15;TRANSFER
C2144067911;969631.31;USD;2026-05-06;TRANSFER
C593447952;483544.3;USD;2026-04-25;TRANSFER
C1950136544;326349.91;USD;2026-12-06;TRANSFER
C209360730;7546.88;USD;2026-09-25;DEBIT
C740007499;2469.75;USD;2026-11-12;PAYMENT
C1687627235;1741.24;USD;2026-03-31;DEBIT
C1007660652;553.25;USD;2026-02-10;PAYMENT
C1387620926;6606.31;USD;2026-10-12;PAYMENT
C1324173038;2075.94;USD;2026-03-04;PAYMENT
C1336775847;84212.94;USD;2026-08-22;TRANSFER
C1196963249;312108.51;USD;2026-03-31;CASH_OUT
C1663488386;1647.93;USD;2026-11-09;PAYMENT
C1902801188;3533.32;USD;2026-09-25;PAYMENT
C577127077;7659.86;USD;2026-07-11;PAYMENT
C1556162268;7203.07;USD;2026-08-19;PAYMENT
C1924990666;116206.75;USD;2026-06-06;CASH_OUT
C144445623;30331.38;USD;2026-11-13;CASH_OUT
C1572745406;2063.77;USD;2026-06-26;PAYMENT
C1434015813;3035.35;USD;2026-09-29;PAYMENT
C295640874;123797.1;USD;2026-06-14;CASH_OUT
C438151297;8233.25;USD;2026-10-23;DEBIT
C96039159;2271.34;USD;2026-12-09;PAYMENT
C375097969;3801.74;USD;2026-09-25;PAYMENT
C788892554;1530.83;USD;2026-03-28;PAYMENT
C1060042118;4833.96;USD;2026-05-06;PAYMENT
C1992801971;5842.61;USD;2026-01-31;PAYMENT
C754527431;2871.89;USD;2026-08-09;PAYMENT
C2064883371;5297.36;USD;2026-12-26;DEBIT
C82275756;621561.65;USD;2026-11-24;TRANSFER
C1629353699;829.07;USD;2026-08-24;PAYMENT
C1651754404;3418.07;USD;2026-10-25;PAYMENT
C1407324654;41924.75;USD;2026-05-08;CASH_OUT
C1101598632;173597.57;USD;2026-03-21;CASH_OUT
C1032568028;77642.84;USD;2026-09-13;CASH_OUT
C1380976928;144964.23;USD;2026-10-25;CASH_OUT
C293474277;94038.9;USD;2026-01-29;CASH_OUT
C413373997;26051.33;USD;2026-09-29;CASH_OUT
C2024711353;134143.27;USD;2026-11-15;CASH_OUT
C711310213;497424.19;USD;2026-02-10;CASH_OUT
C1267042315;607616.73;USD;2026-02-03;CASH_OUT
C1335061928;681093.57;USD;2026-09-18;CASH_OUT
C1108706191;114057.61;USD;2026-11-02;CASH_OUT
C1160487387;205279.62;USD;2026-09-23;CASH_OUT
C579447973;173512.93;USD;2026-08-18;CASH_OUT
C1990421361;166817.98;USD;2026-06-08;CASH_OUT
C407148497;113283.13;USD;2026-01-09;CASH_OUT
C16373883;179030.05;USD;2026-08-22;CASH_OUT
C1878700101;94332.0;USD;2026-06-03;CASH_OUT
C40875560;141111.15;USD;2026-12-12;CASH_OUT
C1042891691;45756.23;USD;2026-12-23;CASH_OUT
C1893563925;6039.61;USD;2026-01-24;CASH_OUT
C1251967187;46261.02;USD;2026-10-18;CASH_OUT
C901689694;312471.16;USD;2026-07-20;CASH_OUT
C1107204185;195490.04;USD;2026-08-21;CASH_OUT
C1523084197;107308.84;USD;2026-05-04;CASH_OUT
C1818747191;48252.82;USD;2026-10-28;CASH_OUT
C747870628;25674.03;USD;2026-08-04;CASH_OUT
C421191743;63830.49;USD;2026-11-18;CASH_OUT
C9844218;96178.8;USD;2026-05-18;CASH_OUT
C1403716230;155122.86;USD;2026-08-16;CASH_OUT
C1673916398;171757.76;USD;2026-12-03;CASH_OUT
C756080817;8809.04;USD;2026-07-22;CASH_OUT
C479734028;27320.2;USD;2026-03-12;CASH_OUT
C388802347;517915.91;USD;2026-01-08;CASH_OUT
C1541046463;34629.16;USD;2026-08-04;CASH_OUT
C1910896157;94296.25;USD;2026-08-06;CASH_OUT
C753426788;285360.06;USD;2026-12-07;CASH_OUT
C1586470445;161445.91;USD;2026-12-13;CASH_OUT
C1373577787;386683.04;USD;2026-12-20;CASH_OUT
C265577219;169854.57;USD;2026-07-28;CASH_OUT
C1624817884;126167.7;USD;2026-09-22;CASH_OUT
C1107579932;152757.58;USD;2026-07-21;CASH_OUT
C1784834205;49661.18;USD;2026-05-13;CASH_OUT
C1174586025;73513.5;USD;2026-03-14;CASH_OUT
C1627010197;166335.32;USD;2026-07-31;CASH_OUT
C4073506;234268.82;USD;2026-03-09;CASH_OUT
C2044825144;306280.12;USD;2026-03-12;CASH_OUT
C698747943;194620.68;USD;2026-10-13;CASH_OUT
C407493402;128278.74;USD;2026-10-31;CASH_OUT
C1774690057;256773.54;USD;2026-02-07;CASH_OUT
C480402503;105759.12;USD;2026-03-24;CASH_OUT
C100445376;59390.46;USD;2026-05-07;CASH_OUT
C1396385390;131991.26;USD;2026-01-27;CASH_OUT
C114414807;65025.3;USD;2026-10-29;CASH_OUT
C144699438;82054.36;USD;2026-11-19;CASH_OUT
C1751500625;69708.79;USD;2026-11-20;CASH_OUT
C1650955365;9104.26;USD;2026-07-11;CASH_OUT
C1788380050;92553.64;USD;2026-06-14;CASH_OUT
C493944943;66312.08;USD;2026-12-12;CASH_OUT
C1533547487;142282.63;USD;2026-11-19;CASH_OUT
C99770475;114499.14;USD;2026-11-03;CASH_OUT
C727250772;76635.24;USD;2026-09-18;CASH_OUT
C1052768296;132574.0;USD;2026-10-03;CASH_OUT
C626193099;39485.21;USD;2026-07-11;CASH_OUT
C859123506;236825.42;USD;2026-03-07;CASH_OUT
C1597742167;327066.19;USD;2026-01-27;CASH_OUT
C503595296;156819.6;USD;2026-04-07;CASH_OUT
C754072705;13136.44;USD;2026-05-12;CASH_OUT
C908384914;4306.89;USD;2026-09-20;PAYMENT
C156199931;8309.52;USD;2026-03-17;PAYMENT
C612693043;5363.35;USD;2026-08-09;PAYMENT
C307605969;132.42;USD;2026-02-13;PAYMENT
C130166095;19644.08;USD;2026-12-28;PAYMENT
C1623060829;895.24;USD;2026-06-10;PAYMENT
C1373949107;7641.08;USD;2026-02-16;PAYMENT
C1230013344;31188.22;USD;2026-11-30;PAYMENT
C681639276;13954.75;USD;2026-08-11;PAYMENT
C1717739363;10497.33;USD;2026-06-30;PAYMENT
C665137804;5843.75;USD;2026-12-07;PAYMENT
C1815370847;7260.2;USD;2026-04-10;PAYMENT
C1709578324;10285.86;USD;2026-08-14;PAYMENT
C1338958728;6249.78;USD;2026-11-29;PAYMENT
C988904418;848.74;USD;2026-04-09;PAYMENT
C938613108;6993.7;USD;2026-03-27;PAYMENT
C1850874910;795.29;USD;2026-12-04;PAYMENT
C97901029;9191.46;USD;2026-01-14;PAYMENT
C1324514662;132038.41;USD;2026-05-17;CASH_OUT
C908722588;6495.27;USD;2026-11-05;PAYMENT
C1548271808;1679.68;USD;2026-08-27;PAYMENT
C1733056574;47477.97;USD;2026-10-09;TRANSFER
C636959006;1260.62;USD;2026-08-15;DEBIT
C1059300256;15034.23;USD;2026-04-14;PAYMENT
C1605988985;3238.39;USD;2026-03-02;PAYMENT
C1636178473;251241.14;USD;2026-10-30;CASH_OUT
C822232612;3644.12;USD;2026-02-24;PAYMENT
C852190062;283123.48;USD;2026-03-28;CASH_OUT
C1674403916;2851.83;USD;2026-08-17;PAYMENT
C61137731;94726.64;USD;2026-06-24;CASH_IN
C1780293706;17020.69;USD;2026-11-12;PAYMENT
C1264941544;6523.19;USD;2026-10-18;PAYMENT
C1818449913;1383.56;USD;2026-01-13;PAYMENT
C961859592;1580.66;USD;2026-09-15;DEBIT
C798278875;2466.95;USD;2026-10-07;PAYMENT
C1926027290;1017.85;USD;2026-06-20;PAYMENT
C1690050988;2270.41;USD;2026-12-12;PAYMENT
C1562764987;102265.88;USD;2026-12-11;CASH_OUT
C216376974;13758.63;USD;2026-10-22;DEBIT
C164714495;5221.77;USD;2026-06-12;CASH_IN
C789982400;12256.66;USD;2026-01-11;PAYMENT
C2080643905;8227.3;USD;2026-06-02;PAYMENT
C1627883152;527.15;USD;2026-07-07;PAYMENT
C1076966140;950.25;USD;2026-02-10;PAYMENT
C749443480;12728.46;USD;2026-09-17;PAYMENT
C1721045976;1002.96;USD;2026-03-08;PAYMENT
C1250582716;6917.1;USD;2026-09-12;PAYMENT
C2019157894;1977.17;USD;2026-03-06;PAYMENT
C827035437;9314.84;USD;2026-02-06;PAYMENT
C1360541835;1157.05;USD;2026-10-23;PAYMENT
C2021053848;3766.99;USD;2026-08-26;DEBIT
C1245593227;3464.41;USD;2026-06-10;PAYMENT
C118555812;68662.06;USD;2026-10-02;CASH_OUT
C1233505227;8679.29;USD;2026-11-29;DEBIT
C1928621590;15266.05;USD;2026-07-07;PAYMENT
C858423246;8348.75;USD;2026-04-14;PAYMENT
C88301993;8419.73;USD;2026-09-17;PAYMENT
C1377301456;6688.74;USD;2026-10-18;PAYMENT
C691779749;1979.94;USD;2026-09-05;PAYMENT
C1873121466;9574.31;USD;2026-09-12;PAYMENT
C1927499639;5287.68;USD;2026-05-21;PAYMENT
C949673757;10627.18;USD;2026-03-15;PAYMENT
C532677950;5809.78;USD;2026-05-25;PAYMENT
C1200048933;411363.54;USD;2026-02-16;TRANSFER
C862025017;4086.5;USD;2026-07-24;PAYMENT
C1572127577;19741.22;USD;2026-03-20;PAYMENT
C417797183;5270.72;USD;2026-07-02;PAYMENT
C1959708563;55827.09;USD;2026-05-11;CASH_IN
C1877986974;174068.82;USD;2026-07-25;CASH_OUT
C1334405552;1277212.77;USD;2026-04-05;TRANSFER
C467632528;1277212.77;USD;2026-08-22;CASH_OUT
C422522663;24105.5;USD;2026-09-08;CASH_IN
C145066402;6854.06;USD;2026-11-15;PAYMENT
C1800500978;111899.09;USD;2026-09-20;CASH_OUT
C191310504;1231.79;USD;2026-02-25;PAYMENT
C247515192;3380.1;USD;2026-05-11;PAYMENT
C1556520190;2869.65;USD;2026-07-23;DEBIT
C701487403;1658.87;USD;2026-08-30;PAYMENT
C2039984535;823.36;USD;2026-07-11;PAYMENT
C1175418534;7541.47;USD;2026-06-09;PAYMENT
C296541232;3635.93;USD;2026-04-11;DEBIT
C1997357673;1328.59;USD;2026-04-21;PAYMENT
C26357357;56145.85;USD;2026-02-04;TRANSFER
C1990733619;973.18;USD;2026-04-28;PAYMENT
C1958592872;619.24;USD;2026-11-12;PAYMENT
C1395262169;300.41;USD;2026-01-21;DEBIT
C1629454900;700967.19;USD;2026-01-20;TRANSFER
C2075372030;8354.27;USD;2026-11-28;PAYMENT
C2139168000;5423.28;USD;2026-06-08;DEBIT
C1653751526;708.59;USD;2026-10-06;PAYMENT
C253348306;8358.81;USD;2026-04-20;PAYMENT
C194107588;2245.62;USD;2026-02-11;PAYMENT
C175595853;4593.59;USD;2026-01-29;PAYMENT
C1241938981;399.66;USD;2026-05-09;PAYMENT
C1004430079;1617.9;USD;2026-01-03;PAYMENT
C732597634;2167.26;USD;2026-02-03;PAYMENT
C2031927175;9738.95;USD;2026-04-04;PAYMENT
C1967617997;3396.25;USD;2026-05-08;PAYMENT
C925803196;6780.78;USD;2026-02-02;PAYMENT
C49318987;2284.54;USD;2026-04-25;PAYMENT
C2111882926;502.61;USD;2026-09-08;PAYMENT
C215759534;8716.47;USD;2026-07-28;PAYMENT
C98351968;209370.56;USD;2026-02-09;CASH_OUT
C1278616846;117023.79;USD;2026-11-16;CASH_OUT
C559050604;10891.96;USD;2026-08-03;PAYMENT
C697460450;4149.86;USD;2026-08-24;PAYMENT
C1726616678;13252.81;USD;2026-08-26;PAYMENT
C1006624255;1213.64;USD;2026-11-28;PAYMENT
C1349025531;5800.85;USD;2026-10-09;PAYMENT
C338620258;8094.53;USD;2026-07-22;PAYMENT
C1502668485;3825.39;USD;2026-04-30;PAYMENT
C903268937;12162.01;USD;2026-03-08;PAYMENT
C1193841543;472385.25;USD;2026-12-11;CASH_OUT
C315461968;13427.34;USD;2026-10-02;PAYMENT
C255941269;1873.13;USD;2026-05-25;PAYMENT
C1917784974;6443.58;USD;2026-01-02;PAYMENT
C855547146;4008.01;USD;2026-12-08;PAYMENT
C105751207;197186.52;USD;2026-01-03;CASH_OUT
C1174881426;1220.37;USD;2026-10-23;PAYMENT
C745627268;1683.95;USD;2026-06-16;DEBIT
C1195542839;2713.67;USD;2026-10-31;PAYMENT
C130721104;4867.56;USD;2026-07-04;PAYMENT
C1924227192;242940.23;USD;2026-09-20;CASH_OUT
C583559449;4433.98;USD;2026-01-13;PAYMENT
C453671855;2168.8;USD;2026-04-03;PAYMENT
C52451302;10059.7;USD;2026-11-12;PAYMENT
C1856093404;8092.1;USD;2026-12-08;PAYMENT
C105321150;11770.54;USD;2026-08-15;PAYMENT
C820878444;1576.78;USD;2026-10-13;PAYMENT
C1187410086;320.53;USD;2026-06-22;PAYMENT
C95322593;3390.74;USD;2026-12-13;DEBIT
C802255644;2736.35;USD;2026-07-29;PAYMENT
C1617156106;6029.92;USD;2026-02-06;PAYMENT
C895366343;7506.65;USD;2026-10-06;PAYMENT
C707635461;12621.09;USD;2026-06-26;PAYMENT
C1624211687;1582.67;USD;2026-09-13;PAYMENT
C1997344422;881.26;USD;2026-03-19;PAYMENT
C1410367298;4651.67;USD;2026-07-07;DEBIT
C454160179;8074.16;USD;2026-11-16;PAYMENT
C1827303532;4337.08;USD;2026-08-21;PAYMENT
C791408866;429.42;USD;2026-04-13;DEBIT
C515520300;7645.96;USD;2026-09-23;PAYMENT
C637091966;221654.28;USD;2026-05-12;TRANSFER
C1428494531;10932.41;USD;2026-10-06;PAYMENT
C1504321715;4518.42;USD;2026-02-01;PAYMENT
C1260487756;1616.52;USD;2026-12-20;PAYMENT
C328197868;3545.37;USD;2026-04-13;PAYMENT
C431164562;159334.62;USD;2026-01-15;CASH_IN
C1163088324;334262.17;USD;2026-11-08;CASH_OUT
C696739588;5403.87;USD;2026-01-14;PAYMENT
C1228963996;13288.84;USD;2026-02-18;PAYMENT
C82825098;7079.24;USD;2026-01-05;PAYMENT
C932885627;4451.95;USD;2026-05-24;PAYMENT
C1251897263;25554.79;USD;2026-01-05;PAYMENT
C1313799195;6757.51;USD;2026-11-12;PAYMENT
C2093319848;2756.3;USD;2026-03-08;PAYMENT
C1151512955;4163.82;USD;2026-10-17;PAYMENT
C712423434;5416.8;USD;2026-03-27;DEBIT
C2125470482;8356.44;USD;2026-03-09;PAYMENT
C1641672672;7257.7;USD;2026-09-16;DEBIT
C2121317689;5570.5;USD;2026-06-02;PAYMENT
C1843743552;9181.99;USD;2026-12-02;PAYMENT
C948960194;663.34;USD;2026-09-01;PAYMENT
C1302877661;1532.35;USD;2026-05-17;PAYMENT
C562561015;1180.55;USD;2026-10-15;PAYMENT
C567656864;7950.29;USD;2026-06-13;PAYMENT
C1401295795;5334.81;USD;2026-09-03;PAYMENT
C288919635;760.21;USD;2026-01-02;PAYMENT
C1052842393;1697.56;USD;2026-01-16;PAYMENT
C167013780;112.56;USD;2026-09-27;PAYMENT
C779598031;13373.96;USD;2026-11-18;PAYMENT
C108982313;6606.47;USD;2026-12-09;DEBIT
C2113243119;208501.33;USD;2026-06-22;CASH_OUT
C1851255134;1045.63;USD;2026-11-23;PAYMENT
C1457226878;363482.02;USD;2026-12-17;CASH_OUT
C121678773;2935.86;USD;2026-10-13;DEBIT
C1443675930;88626.65;USD;2026-07-28;CASH_IN
C1609086753;540789.56;USD;2026-11-24;CASH_OUT
C1427775702;10430.39;USD;2026-03-05;PAYMENT
C1690481990;4279.07;USD;2026-11-08;PAYMENT
C2047984839;3537.25;USD;2026-04-09;PAYMENT
C1968552224;66225.76;USD;2026-01-08;TRANSFER
C1095947149;964.77;USD;2026-07-22;PAYMENT
C1402531280;12178.51;USD;2026-09-21;PAYMENT
C1556461159;310157.55;USD;2026-10-29;CASH_OUT
C1642973315;2272.54;USD;2026-08-07;PAYMENT
C405741210;6078.56;USD;2026-06-07;PAYMENT
C1712230656;4108.8;USD;2026-11-09;PAYMENT
C164439551;2671.31;USD;2026-08-15;PAYMENT
C896852376;12426.38;USD;2026-02-17;PAYMENT
C229919394;17373.04;USD;2026-08-09;PAYMENT
C1057569470;7272.63;USD;2026-11-09;PAYMENT
C1324262781;6548.43;USD;2026-12-21;PAYMENT
C237297104;2644.63;USD;2026-12-29;PAYMENT
C1418622705;6776.93;USD;2026-11-12;PAYMENT
C1925785585;1810.41;USD;2026-02-12;PAYMENT
C1037475674;2586.39;USD;2026-04-04;DEBIT
C983767354;47564.74;USD;2026-01-02;TRANSFER
C32393008;5485.04;USD;2026-07-19;PAYMENT
C1342374939;2644.54;USD;2026-07-14;DEBIT
C1917562344;9361.47;USD;2026-01-02;PAYMENT
C1807894765;1193.24;USD;2026-06-06;PAYMENT
C211973922;9549.7;USD;2026-12-17;DEBIT
C1890287843;593.4;USD;2026-08-23;CASH_OUT
C156711739;1122.14;USD;2026-07-20;PAYMENT
C2017860548;264361.19;USD;2026-08-11;TRANSFER
C1413886135;8148.08;USD;2026-11-26;PAYMENT
C278262050;8264.22;USD;2026-09-12;PAYMENT
C1029898472;3393.22;USD;2026-05-16;PAYMENT
C614580607;2392.53;USD;2026-05-20;PAYMENT
C1934692470;5324.43;USD;2026-10-02;PAYMENT
C1395073533;160700.51;USD;2026-05-21;CASH_OUT
C68195659;8901.32;USD;2026-09-30;DEBIT
C2142893855;9864.23;USD;2026-11-12;CASH_OUT
C993420850;8791.02;USD;2026-03-08;PAYMENT
C1364127192;35063.63;USD;2026-03-17;TRANSFER
C1635772897;35063.63;USD;2026-06-27;CASH_OUT
C1768952842;1066.04;USD;2026-01-30;PAYMENT
C989126847;5430.64;USD;2026-02-11;DEBIT
C609887969;161796.96;USD;2026-09-13;CASH_OUT
C1298380324;107292.25;USD;2026-03-24;CASH_OUT
C1181545730;6488.6;USD;2026-07-02;PAYMENT
C773348567;1617.97;USD;2026-02-01;PAYMENT
C1602167682;427175.03;USD;2026-08-09;CASH_OUT
C67620673;6765.12;USD;2026-03-20;DEBIT
C1746257394;3269.72;USD;2026-02-08;DEBIT
C1187779195;9499.4;USD;2026-01-21;PAYMENT
C1523510420;865.77;USD;2026-01-25;PAYMENT
C977997405;151096.79;USD;2026-07-01;CASH_OUT
C280531669;4244.4;USD;2026-05-25;DEBIT
C1027569178;885.9;USD;2026-08-01;PAYMENT
C1469907228;4322.17;USD;2026-07-10;PAYMENT
C1160652496;7664.12;USD;2026-05-16;PAYMENT
C2030138610;3644.85;USD;2026-08-30;PAYMENT
C1988746735;12462.9;USD;2026-07-28;PAYMENT
C439232821;3014.54;USD;2026-09-17;PAYMENT
C1264754451;5880.33;USD;2026-05-29;PAYMENT
C463381475;14025.72;USD;2026-09-16;PAYMENT
C1441243996;12187.88;USD;2026-10-21;PAYMENT
C1495445111;10777.89;USD;2026-10-19;PAYMENT
C720770771;708.82;USD;2026-09-06;PAYMENT
C1038820134;5633.3;USD;2026-09-08;DEBIT
C1658020779;2223.41;USD;2026-07-01;PAYMENT
C988690806;2195.63;USD;2026-09-27;PAYMENT
C667890001;1668.11;USD;2026-12-31;DEBIT
C310276293;281425.06;USD;2026-10-04;TRANSFER
C1494277749;18561.23;USD;2026-06-24;TRANSFER
C1091107430;39069.42;USD;2026-10-19;TRANSFER
C521342639;63186.93;USD;2026-05-29;TRANSFER
C2114629072;419757.69;USD;2026-08-13;TRANSFER
C557197074;127920.4;USD;2026-08-21;TRANSFER
C669725336;11136.72;USD;2026-10-19;TRANSFER
C537536188;33782.98;USD;2026-04-20;TRANSFER
C197491520;3776389.09;USD;2026-09-03;TRANSFER
C458998685;1127058.69;USD;2026-03-08;TRANSFER
C1700421020;112401.53;USD;2026-08-24;TRANSFER
C345290829;668237.36;USD;2026-12-11;TRANSFER
C883678948;789419.02;USD;2026-04-20;TRANSFER
C1906947271;569068.84;USD;2026-11-04;TRANSFER
C1177072083;682894.68;USD;2026-08-07;TRANSFER
C2010070923;443116.03;USD;2026-05-05;TRANSFER
C502891368;3942.44;USD;2026-01-04;TRANSFER
C566891420;539430.95;USD;2026-09-25;TRANSFER
C577734751;598782.65;USD;2026-11-30;TRANSFER
C752011518;600581.61;USD;2026-10-04;TRANSFER
C2103569615;221297.05;USD;2026-06-30;TRANSFER
C214320652;249592.99;USD;2026-08-08;TRANSFER
C1379207867;5170.23;USD;2026-08-19;PAYMENT
C443491171;8553.73;USD;2026-09-11;PAYMENT
C1589466857;9980.32;USD;2026-08-09;CASH_OUT
C1676888944;11982.62;USD;2026-03-16;PAYMENT
C458817438;2763.95;USD;2026-08-10;DEBIT
C795273218;265763.02;USD;2026-11-28;CASH_OUT
C1454870101;2364.01;USD;2026-07-30;PAYMENT
C709439274;1432.47;USD;2026-10-22;PAYMENT
C1482166692;233.76;USD;2026-03-27;PAYMENT
C1091781053;13259.12;USD;2026-07-13;PAYMENT
C1409342262;2364.34;USD;2026-11-19;PAYMENT
C762509150;3903.48;USD;2026-03-20;PAYMENT
C1520491508;301298.69;USD;2026-08-02;TRANSFER
C380616082;6623.21;USD;2026-11-30;PAYMENT
C2145420209;1009.43;USD;2026-02-02;DEBIT
C600017090;1639.33;USD;2026-03-30;PAYMENT
C259077766;2033.14;USD;2026-08-27;PAYMENT
C1263391254;45864.43;USD;2026-03-04;TRANSFER
C1554086576;11411.34;USD;2026-06-06;PAYMENT
C273777019;23.31;USD;2026-11-10;PAYMENT
C1644864746;613.83;USD;2026-06-12;PAYMENT
C829737737;7154.46;USD;2026-01-25;PAYMENT
C2061226112;1091.54;USD;2026-12-11;PAYMENT
C1443173326;3193.99;USD;2026-06-28;PAYMENT
C939254952;1849.56;USD;2026-04-09;PAYMENT
C2100771791;4170.82;USD;2026-04-29;PAYMENT
C98412281;4099.91;USD;2026-01-23;PAYMENT
C1420810053;5923.01;USD;2026-08-11;PAYMENT
C268379633;208376.61;USD;2026-09-18;TRANSFER
C201392112;131033.44;USD;2026-01-30;TRANSFER
C641664202;223848.92;USD;2026-12-15;TRANSFER
C748975217;68332.36;USD;2026-09-24;TRANSFER
C1510087865;205368.78;USD;2026-08-12;TRANSFER
C1366722422;424141.36;USD;2026-11-14;TRANSFER
C254918854;373185.07;USD;2026-05-10;TRANSFER
C12139181;2258388.15;USD;2026-09-24;TRANSFER
C1251219927;250968.18;USD;2026-08-24;TRANSFER
C792488644;19772.53;USD;2026-04-11;TRANSFER
C780843029;43023.82;USD;2026-12-28;TRANSFER
C1739555643;1628887.72;USD;2026-06-08;TRANSFER
C220165304;755499.13;USD;2026-10-02;TRANSFER
C1094272405;289203.45;USD;2026-10-15;TRANSFER
C973604791;902485.36;USD;2026-01-09;TRANSFER
C564526486;351854.11;USD;2026-09-12;TRANSFER
C1466558382;605790.2;USD;2026-10-08;TRANSFER
C1551303995;353312.93;USD;2026-07-27;TRANSFER
C649630909;855931.4;USD;2026-03-08;TRANSFER
C679449777;699928.86;USD;2026-04-15;TRANSFER
C817054343;5886.25;USD;2026-04-12;PAYMENT
C913746983;200774.62;USD;2026-02-06;TRANSFER
C1660451908;1088.94;USD;2026-09-25;DEBIT
C1224064486;3500.0;USD;2026-10-30;PAYMENT
C1363800072;109552.96;USD;2026-04-12;TRANSFER
C1886567481;59531.87;USD;2026-07-06;TRANSFER
C361571676;133637.07;USD;2026-12-18;TRANSFER
C749100260;75752.73;USD;2026-01-25;TRANSFER
C846274760;100362.16;USD;2026-01-28;TRANSFER
C1460126155;191177.92;USD;2026-12-17;TRANSFER
C727497138;435589.96;USD;2026-09-08;TRANSFER
C889422145;1950.77;USD;2026-09-11;TRANSFER
C248483913;2223005.62;USD;2026-03-06;TRANSFER
C1731137986;902505.61;USD;2026-04-10;TRANSFER
C695248316;1201716.66;USD;2026-10-03;TRANSFER
C5255258;494972.01;USD;2026-08-01;TRANSFER
C1928312257;1417001.19;USD;2026-10-27;TRANSFER
C1834031967;3445.96;USD;2026-08-18;PAYMENT
C1089680530;2650.82;USD;2026-01-05;PAYMENT
C718512571;2073.2;USD;2026-09-20;PAYMENT
C843867341;319825.94;USD;2026-01-01;CASH_OUT
C324507700;129431.13;USD;2026-10-26;CASH_OUT
C616443292;105351.94;USD;2026-10-05;CASH_OUT
C1540832538;38167.0;USD;2026-07-11;CASH_OUT
C183259297;4682.74;USD;2026-09-28;CASH_OUT
C626393072;1280.14;USD;2026-04-21;DEBIT
C1892869131;3039.84;USD;2026-02-11;DEBIT
C302987494;5998.0;USD;2026-09-26;PAYMENT
C1882116496;4273.0;USD;2026-01-06;PAYMENT
C2081964843;3637.13;USD;2026-11-19;PAYMENT
C1893899796;892.53;USD;2026-11-07;PAYMENT
C94682872;10707.6;USD;2026-02-10;PAYMENT
C608817143;6380.75;USD;2026-11-11;PAYMENT
C1658487789;271161.74;USD;2026-07-28;TRANSFER
C1568949719;274108.4;USD;2026-10-17;TRANSFER
C936906727;2676.97;USD;2026-10-05;DEBIT
C944752500;7512.61;USD;2026-08-03;PAYMENT
C1911138454;8612.28;USD;2026-05-19;PAYMENT
C1082865087;413.4;USD;2026-02-02;PAYMENT
C364704856;6794.39;USD;2026-08-21;PAYMENT
C1137078855;9247.18;USD;2026-03-05;PAYMENT
C1919125229;2821.51;USD;2026-03-29;PAYMENT
C347808407;378703.81;USD;2026-01-01;TRANSFER
C1773008684;9818.95;USD;2026-12-04;PAYMENT
C437630857;13268.46;USD;2026-12-16;PAYMENT
C1365575811;378896.52;USD;2026-01-16;CASH_IN
C1817154869;65671.39;USD;2026-08-01;CASH_IN
C1540476618;35492.2;USD;2026-06-24;CASH_IN
C818093527;18510.43;USD;2026-12-29;CASH_IN
C1234905692;83587.86;USD;2026-08-06;CASH_IN
C1500379239;62455.76;USD;2026-07-15;CASH_IN
C203409950;44708.03;USD;2026-11-21;CASH_IN
C605705199;343189.13;USD;2026-04-24;CASH_IN
C876823802;60215.46;USD;2026-09-11;CASH_IN
C47918293;235288.68;USD;2026-01-05;CASH_IN
C1894144426;206955.99;USD;2026-02-17;CASH_IN
C102103410;383446.61;USD;2026-04-02;CASH_IN
C677317086;145095.94;USD;2026-05-18;CASH_IN
C1933129092;300632.87;USD;2026-12-06;CASH_IN
C827328832;119081.76;USD;2026-10-23;CASH_IN
C405252209;203148.34;USD;2026-04-23;CASH_IN
C1223050066;104335.07;USD;2026-02-01;CASH_IN
C1917442783;251482.63;USD;2026-07-27;CASH_IN
C1130551263;92784.06;USD;2026-12-03;CASH_IN
C1713605602;21670.38;USD;2026-10-28;CASH_IN
C472234151;175443.85;USD;2026-02-02;CASH_IN
C537265886;226031.29;USD;2026-09-18;CASH_IN
C1963974958;234052.7;USD;2026-12-09;CASH_IN
C260638966;229848.96;USD;2026-06-09;CASH_IN
C1045985568;111655.85;USD;2026-12-28;CASH_IN
C788048067;51284.87;USD;2026-12-09;CASH_IN
C619985571;270.78;USD;2026-09-05;CASH_IN
C1677543539;154442.99;USD;2026-04-29;CASH_IN
C504478805;34918.59;USD;2026-09-14;CASH_IN
C1967432164;57262.72;USD;2026-04-24;CASH_IN
C1893772493;189703.56;USD;2026-09-22;CASH_IN
C2035801202;288838.13;USD;2026-06-30;CASH_IN
C1790387225;61505.91;USD;2026-10-26;CASH_IN
C984412970;404167.6;USD;2026-12-25;CASH_IN
C1340057206;57323.56;USD;2026-11-13;CASH_IN
C137123763;68988.21;USD;2026-09-27;CASH_IN
C1541942595;74230.21;USD;2026-02-16;CASH_IN
C100708535;377287.8;USD;2026-01-17;CASH_IN
C878598679;185897.79;USD;2026-01-18;CASH_IN
C1587872480;173842.23;USD;2026-01-23;CASH_IN
C1144897090;31646.31;USD;2026-12-21;CASH_IN
C1195064186;48134.99;USD;2026-06-18;CASH_IN
C24334184;229982.47;USD;2026-04-17;CASH_IN
C2008547236;216806.48;USD;2026-09-27;CASH_IN
C1590792382;117257.18;USD;2026-06-29;CASH_IN
C1076855029;174413.77;USD;2026-09-16;CASH_IN
C1539088279;72897.92;USD;2026-09-05;CASH_IN
C322830747;82564.24;USD;2026-08-04;CASH_IN
C1094199074;63764.9;USD;2026-12-17;CASH_IN
C2108440536;183074.81;USD;2026-04-08;CASH_IN
C1112758237;223744.8;USD;2026-10-16;CASH_IN
C553821397;46179.38;USD;2026-09-19;CASH_IN
C553879264;91611.03;USD;2026-09-03;CASH_IN
C1028472807;128022.19;USD;2026-04-11;CASH_IN
C1710783020;157949.72;USD;2026-07-21;CASH_IN
C1365790282;26516.56;USD;2026-09-14;CASH_IN
C1826747905;105647.45;USD;2026-05-03;CASH_IN
C948395645;61858.19;USD;2026-02-05;CASH_IN
C512256603;245041.35;USD;2026-11-20;CASH_IN
C226586078;42922.81;USD;2026-05-18;CASH_IN
C1848886161;137465.55;USD;2026-02-10;CASH_IN
C1816468636;170207.14;USD;2026-03-17;CASH_IN
C834824701;18513.77;USD;2026-03-28;CASH_IN
C925568390;199318.34;USD;2026-09-10;CASH_IN
C1198817209;26295.3;USD;2026-09-22;CASH_IN
C51460663;111549.83;USD;2026-01-27;CASH_IN
C557725225;56912.01;USD;2026-02-15;CASH_IN
C1318475957;414285.51;USD;2026-11-20;CASH_IN
C712732521;298109.36;USD;2026-10-02;CASH_IN
C540092563;269736.99;USD;2026-05-18;CASH_IN
C1894698434;18622.16;USD;2026-10-17;CASH_IN
C205615258;183816.31;USD;2026-09-20;CASH_IN
C2108708444;143405.8;USD;2026-09-19;CASH_IN
C1424788681;449.97;USD;2026-12-25;PAYMENT
C1428726828;2743.55;USD;2026-11-07;PAYMENT
C443502884;1548.73;USD;2026-07-24;PAYMENT
C247644034;4828.43;USD;2026-07-19;PAYMENT
C1824570614;1737.12;USD;2026-05-12;PAYMENT
C854989361;1089.31;USD;2026-10-23;PAYMENT
C1720865719;5237.7;USD;2026-04-22;PAYMENT
C1369468094;3364.48;USD;2026-10-01;PAYMENT
C1235635586;1889.41;USD;2026-03-19;PAYMENT
C1725054538;2685.44;USD;2026-12-08;PAYMENT
C1302141801;1238.08;USD;2026-03-30;PAYMENT
C622820646;17994.24;USD;2026-01-03;PAYMENT
C1389432760;6396.49;USD;2026-04-10;PAYMENT
C535352603;2380.21;USD;2026-05-11;PAYMENT
C577245010;139754.72;USD;2026-12-28;CASH_OUT
C1624788833;8787.63;USD;2026-12-14;PAYMENT
C843959601;2261.24;USD;2026-07-10;DEBIT
C1346197173;2807.73;USD;2026-08-03;DEBIT
C1924966548;4247.14;USD;2026-05-19;PAYMENT
C533173186;4504.48;USD;2026-04-13;PAYMENT
C848958019;3051.76;USD;2026-01-15;PAYMENT
C758465579;5675.84;USD;2026-11-01;PAYMENT
C1167327028;194.4;USD;2026-08-12;DEBIT
C936628786;8176.58;USD;2026-03-29;PAYMENT
C1478334108;4074.17;USD;2026-06-20;PAYMENT
C726051009;13695.83;USD;2026-10-03;PAYMENT
C701166114;8092.22;USD;2026-04-05;PAYMENT
C1481751887;286803.5;USD;2026-05-22;CASH_OUT
C2094115865;3620.25;USD;2026-08-08;PAYMENT
C1017792343;153952.87;USD;2026-05-26;CASH_OUT
C1774468680;1335.03;USD;2026-03-07;PAYMENT
C981487964;96.32;USD;2026-07-09;PAYMENT
C478182173;412906.88;USD;2026-12-13;TRANSFER
C596333086;288638.46;USD;2026-09-18;TRANSFER
C456785282;2918.83;USD;2026-08-13;PAYMENT
C560465923;4852.65;USD;2026-07-02;PAYMENT
C210474732;13343.47;USD;2026-02-13;PAYMENT
C764358458;1672.55;USD;2026-05-02;DEBIT
C539240764;1020.89;USD;2026-04-22;PAYMENT
C201804812;4440.79;USD;2026-09-16;PAYMENT
C1498016680;12271.39;USD;2026-05-26;PAYMENT
C1490985125;379953.15;USD;2026-06-25;TRANSFER
C707506411;9198.49;USD;2026-12-28;PAYMENT
C755328698;660.52;USD;2026-06-09;PAYMENT
C1999135802;3485.64;USD;2026-02-02;PAYMENT
C85357160;413.84;USD;2026-01-25;PAYMENT
C683718244;3865.44;USD;2026-01-05;PAYMENT
C452457802;124832.65;USD;2026-09-25;CASH_OUT
C1857910993;302151.25;USD;2026-07-02;TRANSFER
C1130598644;1854.51;USD;2026-01-08;PAYMENT
C1760401098;2850.6;USD;2026-12-06;PAYMENT
C841537936;130905.88;USD;2026-12-11;CASH_OUT
C1424439581;8782.48;USD;2026-06-19;PAYMENT
C626626764;254286.27;USD;2026-09-18;CASH_IN
C1372137902;10239.16;USD;2026-12-05;PAYMENT
C701681793;7276.69;USD;2026-01-19;TRANSFER
C1088744071;4993.81;USD;2026-03-14;DEBIT
C1484275564;8531.44;USD;2026-09-17;DEBIT
C981159997;4297.27;USD;2026-02-25;PAYMENT
C1657125852;7287.73;USD;2026-10-12;PAYMENT
C465909321;5375.2;USD;2026-05-10;PAYMENT
C1205419533;3830.45;USD;2026-12-20;PAYMENT
C1964926542;70543.76;USD;2026-05-13;TRANSFER
C369901249;3558.79;USD;2026-11-19;PAYMENT
C80756779;6891.56;USD;2026-11-01;PAYMENT
C1970779713;2875.66;USD;2026-12-30;PAYMENT
C827579900;4632.68;USD;2026-01-26;PAYMENT
C681747431;13693.11;USD;2026-10-08;PAYMENT
C280223635;81222.77;USD;2026-04-19;TRANSFER
C245530164;2801.1;USD;2026-03-31;DEBIT
C866273692;273951.34;USD;2026-06-22;TRANSFER
C242408359;490341.11;USD;2026-07-24;TRANSFER
C3392189;226.29;USD;2026-03-29;PAYMENT
C1009916891;204691.97;USD;2026-06-15;CASH_OUT
C612716569;3399.54;USD;2026-03-28;PAYMENT
C1296928719;261.95;USD;2026-10-28;PAYMENT
C1862674654;1815.83;USD;2026-05-16;PAYMENT
C507061061;10287.6;USD;2026-03-16;PAYMENT
C1290614253;2633.08;USD;2026-02-10;DEBIT
C740467528;8818.07;USD;2026-03-05;PAYMENT
C1960253514;271.77;USD;2026-02-13;PAYMENT
C1748097277;7017.21;USD;2026-04-07;PAYMENT
C1803890702;16709.74;USD;2026-02-11;PAYMENT
C1556061855;2020.04;USD;2026-04-30;PAYMENT
C1513029997;3601.28;USD;2026-06-11;PAYMENT
C986944742;6027.22;USD;2026-08-29;DEBIT
C1616438581;7886.77;USD;2026-11-30;PAYMENT
C501951555;421520.68;USD;2026-06-03;TRANSFER
C1002041276;2444.49;USD;2026-03-07;PAYMENT
C724028528;2786.6;USD;2026-03-14;PAYMENT
C467313213;2186.58;USD;2026-03-15;PAYMENT
C1822630059;265803.38;USD;2026-02-19;CASH_OUT
C1356236848;12363.37;USD;2026-01-15;PAYMENT
C1987354705;3014.72;USD;2026-05-13;DEBIT
C61304908;9533.48;USD;2026-12-22;TRANSFER
C1733619456;139555.44;USD;2026-11-21;TRANSFER
C1637601612;13525.15;USD;2026-06-10;PAYMENT
C170106909;5134.7;USD;2026-12-18;PAYMENT
C1969347346;4881.15;USD;2026-05-04;PAYMENT
C615853374;130470.14;USD;2026-02-23;CASH_OUT
C366916060;722161.86;USD;2026-09-05;TRANSFER
C1855734078;5085.47;USD;2026-12-26;PAYMENT
C1526062841;4617.63;USD;2026-07-01;PAYMENT
C920446957;3941.6;USD;2026-12-06;PAYMENT
C869290854;1471.39;USD;2026-04-07;PAYMENT
C1989332276;5480.96;USD;2026-10-06;PAYMENT
C851480926;1834.74;USD;2026-01-08;PAYMENT
C1895054149;365914.64;USD;2026-10-10;CASH_IN
C651235118;16472.92;USD;2026-09-17;PAYMENT
C2111247080;31922.09;USD;2026-08-28;PAYMENT
C36627152;6450.56;USD;2026-08-11;PAYMENT
C1048128739;315325.25;USD;2026-12-21;CASH_OUT
C1404834600;2869.11;USD;2026-02-14;PAYMENT
C1008612116;2738.86;USD;2026-01-11;PAYMENT
C2028036437;60503.37;USD;2026-07-27;CASH_IN
C1420012431;450.55;USD;2026-05-01;PAYMENT
C1780399359;8161.64;USD;2026-06-24;DEBIT
C428245792;40149.38;USD;2026-08-29;TRANSFER
C1353759820;5829.39;USD;2026-01-30;PAYMENT
C331748029;9119.89;USD;2026-09-01;PAYMENT
C1802736936;3854.39;USD;2026-03-29;PAYMENT
C1105090408;1053.13;USD;2026-08-10;PAYMENT
C687501326;7296.95;USD;2026-12-13;PAYMENT
C235151116;9114.34;USD;2026-10-23;PAYMENT
C295055909;18625.28;USD;2026-09-18;PAYMENT
C300811000;2134.11;USD;2026-02-21;PAYMENT
C1638249646;3743.03;USD;2026-01-20;PAYMENT
C1533672820;17457.7;USD;2026-07-05;PAYMENT
C1132369181;1098.78;USD;2026-06-05;PAYMENT
C1671816300;1393.49;USD;2026-11-15;PAYMENT
C1240412896;3466.83;USD;2026-02-12;PAYMENT
C1809129176;12960.72;USD;2026-06-15;PAYMENT
C1370224403;3383.61;USD;2026-03-23;PAYMENT
C1296910502;3285.68;USD;2026-12-10;PAYMENT
C1069584108;4898.07;USD;2026-07-11;PAYMENT
C2063786038;9642.19;USD;2026-08-19;PAYMENT
C505968231;1919.77;USD;2026-08-22;PAYMENT
C1107404311;21820.68;USD;2026-01-07;PAYMENT
C465152579;18187.81;USD;2026-05-20;PAYMENT
C234223040;23069.76;USD;2026-08-29;PAYMENT
C1723278948;6820.53;USD;2026-05-10;PAYMENT
C1489831627;2635.06;USD;2026-05-26;PAYMENT
C1689458432;5371.1;USD;2026-06-25;PAYMENT
C195970976;358124.44;USD;2026-01-13;CASH_OUT
C1957282992;2645.88;USD;2026-01-14;PAYMENT
C470132045;5454.05;USD;2026-09-02;DEBIT
C1710191146;2691.57;USD;2026-08-28;PAYMENT
C558404860;3269.57;USD;2026-12-04;DEBIT
C274100821;3623.4;USD;2026-05-21;PAYMENT
C474933596;102.37;USD;2026-11-20;PAYMENT
C1520656618;5601.3;USD;2026-11-29;PAYMENT
C237484673;151768.14;USD;2026-07-12;CASH_OUT
C1412656257;2725.19;USD;2026-03-13;PAYMENT
C904208473;1534.54;USD;2026-03-05;PAYMENT
C1237144823;402.54;USD;2026-09-04;PAYMENT
C1998882269;12617.81;USD;2026-09-23;DEBIT
C1511180072;3631.87;USD;2026-07-24;PAYMENT
C1851522556;333946.96;USD;2026-01-19;CASH_OUT
C1031968647;7648.78;USD;2026-03-19;PAYMENT
C1371400311;11679.19;USD;2026-02-03;PAYMENT
C1227867806;272.8;USD;2026-07-14;PAYMENT
C800493254;1380.95;USD;2026-03-26;PAYMENT
C987595204;29587.32;USD;2026-12-17;CASH_OUT
C438123546;1056.64;USD;2026-04-07;PAYMENT
C22668134;2515.46;USD;2026-03-12;PAYMENT
C609389093;6077.94;USD;2026-05-01;DEBIT
C397318359;8648.45;USD;2026-02-09;DEBIT
C1495407511;5264.43;USD;2026-10-31;DEBIT
C1791267914;3821.75;USD;2026-02-23;PAYMENT
C972843820;4920.42;USD;2026-12-02;PAYMENT
C1055104416;5635.6;USD;2026-06-17;PAYMENT
C130850024;11508.76;USD;2026-03-16;PAYMENT
C202064342;2147.21;USD;2026-12-15;PAYMENT
C738174829;8380.77;USD;2026-01-12;PAYMENT
C1830969563;3850.6;USD;2026-03-28;PAYMENT
C1237264838;5238.73;USD;2026-01-06;PAYMENT
C4181455;6173.13;USD;2026-09-06;PAYMENT
C1177101170;1196.9;USD;2026-04-13;PAYMENT
C1816397102;150.07;USD;2026-11-07;PAYMENT
C1393198164;624.1;USD;2026-01-29;PAYMENT
C1377160602;1012.86;USD;2026-01-29;PAYMENT
C823758059;3688.28;USD;2026-01-17;PAYMENT
C1965036946;26112.94;USD;2026-07-01;TRANSFER
C1999036805;286590.92;USD;2026-10-06;CASH_OUT
C178603358;5430.53;USD;2026-11-06;PAYMENT
C1574573264;13840.98;USD;2026-11-29;PAYMENT
C1033880954;11479.22;USD;2026-01-08;PAYMENT
C3886839;119570.96;USD;2026-07-13;CASH_OUT
C451959555;818.99;USD;2026-07-07;DEBIT
C1502079282;2736.66;USD;2026-10-03;PAYMENT
C1539038539;6166.35;USD;2026-07-21;PAYMENT
C623051334;4052.14;USD;2026-11-12;PAYMENT
C1250644519;6730.59;USD;2026-12-18;PAYMENT
C1769598893;259096.62;USD;2026-03-06;TRANSFER
C1517116047;21502.38;USD;2026-08-01;TRANSFER
C1248276879;1810.88;USD;2026-12-02;PAYMENT
C402207819;700.86;USD;2026-09-12;PAYMENT
C1424497441;7273.9;USD;2026-08-01;DEBIT
C953528583;4845.31;USD;2026-03-01;PAYMENT
C1156210828;1153.98;USD;2026-07-03;PAYMENT
C1158124724;1624.03;USD;2026-01-19;PAYMENT
C809860628;8076.53;USD;2026-08-12;PAYMENT
C1663738275;1313.6;USD;2026-04-29;PAYMENT
C995631377;6128.41;USD;2026-10-13;PAYMENT
C512238546;11301.82;USD;2026-09-17;PAYMENT
C1991290395;4508.96;USD;2026-04-29;PAYMENT
C1279469670;2588.24;USD;2026-05-29;PAYMENT
C1627781283;909.33;USD;2026-07-26;PAYMENT
C2011342562;7123.18;USD;2026-02-10;PAYMENT
C429804587;4449.8;USD;2026-02-02;PAYMENT
C1691858720;663.34;USD;2026-02-20;PAYMENT
C1538511917;4043.76;USD;2026-10-11;PAYMENT
C46259342;15350.84;USD;2026-09-17;PAYMENT
C1316001196;11917.23;USD;2026-02-25;PAYMENT
C699871906;14145.51;USD;2026-04-29;PAYMENT
C1365711624;28301.88;USD;2026-05-24;PAYMENT
C291651850;6976.97;USD;2026-10-04;PAYMENT
C1658785779;19572.25;USD;2026-10-08;PAYMENT
C1659435106;17389.94;USD;2026-05-08;PAYMENT
C1011481270;12123.91;USD;2026-10-30;PAYMENT
C1951500432;20007.91;USD;2026-04-19;PAYMENT
C1061018585;18389.77;USD;2026-02-26;PAYMENT
C1814908102;5947.8;USD;2026-05-02;PAYMENT
C1630841930;804.16;USD;2026-04-24;PAYMENT
C1907467420;14711.9;USD;2026-09-17;PAYMENT
C930317866;2407.47;USD;2026-09-13;PAYMENT
C1486553742;2074.51;USD;2026-07-24;PAYMENT
C167693809;5711.01;USD;2026-11-20;PAYMENT
C990870941;21897.3;USD;2026-12-31;PAYMENT
C1552179791;5462.01;USD;2026-02-09;PAYMENT
C589309113;2185.54;USD;2026-01-11;PAYMENT
C708926121;5655.43;USD;2026-01-05;DEBIT
C1406004470;727.94;USD;2026-05-25;PAYMENT
C1655955258;7868.9;USD;2026-08-20;PAYMENT
C2115087165;4029.56;USD;2026-04-30;PAYMENT
C596779307;2637.07;USD;2026-02-27;DEBIT
C1531175283;3129.06;USD;2026-01-30;PAYMENT
C1415545023;6899.83;USD;2026-04-21;PAYMENT
C586831282;38366.56;USD;2026-08-13;CASH_IN
C1298557761;6778.32;USD;2026-11-18;PAYMENT
C821342630;96015.94;USD;2026-05-25;CASH_IN
C1079190991;2304.2;USD;2026-01-17;PAYMENT
C2042884127;5575.09;USD;2026-01-09;PAYMENT
C889928215;1667.88;USD;2026-10-23;PAYMENT
C1721576219;24659.46;USD;2026-04-09;PAYMENT
C514453513;221557.88;USD;2026-04-14;CASH_IN
C1565713391;1117.17;USD;2026-03-17;PAYMENT
C1430207342;7731.23;USD;2026-07-13;PAYMENT
C1312843412;69490.69;USD;2026-04-21;CASH_OUT
C1522119751;5437.85;USD;2026-11-23;PAYMENT
C1334618867;3984.3;USD;2026-02-16;PAYMENT
C364480205;5630.13;USD;2026-12-08;PAYMENT
C1103505488;3399.78;USD;2026-10-28;PAYMENT
C847606512;7883.75;USD;2026-01-25;PAYMENT
C401891515;635.55;USD;2026-01-16;PAYMENT
C2099932844;2248.26;USD;2026-07-30;PAYMENT
C739210872;9261.94;USD;2026-12-08;PAYMENT
C1789282489;9614.73;USD;2026-07-18;PAYMENT
C1949126165;30308.45;USD;2026-11-15;CASH_OUT
C143295000;1012.84;USD;2026-05-11;PAYMENT
C1097069005;6534.05;USD;2026-06-28;PAYMENT
C65438140;9460.66;USD;2026-02-20;PAYMENT
C37400149;2552.79;USD;2026-04-22;PAYMENT
C1745608181;5912.4;USD;2026-06-14;PAYMENT
C763610533;8009.83;USD;2026-02-22;PAYMENT
C2114270481;8625.97;USD;2026-11-26;PAYMENT
C1405055124;244964.08;USD;2026-03-06;TRANSFER
C653337757;5663.87;USD;2026-09-30;PAYMENT
C10915321;1892.34;USD;2026-06-07;PAYMENT
C131037934;561.01;USD;2026-12-14;PAYMENT
C454440929;3218.06;USD;2026-04-15;PAYMENT
C1685134322;9731.47;USD;2026-11-26;PAYMENT
C1008608255;4018.12;USD;2026-01-26;PAYMENT
C1613332278;6376.99;USD;2026-10-28;PAYMENT
C1455177644;5983.88;USD;2026-11-07;PAYMENT
C732189840;280.59;USD;2026-04-18;PAYMENT
C8996952;5263.67;USD;2026-06-28;PAYMENT
C1937693946;176370.68;USD;2026-02-18;CASH_IN
C1053744929;62783.13;USD;2026-12-27;CASH_IN
C1959758632;90956.1;USD;2026-09-27;CASH_IN
C918899286;120556.62;USD;2026-05-29;CASH_IN
C861522296;475857.13;USD;2026-04-02;CASH_IN
C2074492901;239510.08;USD;2026-12-17;CASH_IN
C1933077874;50938.65;USD;2026-01-25;CASH_IN
C1865617081;288438.0;USD;2026-06-10;CASH_IN
C308021294;10349.31;USD;2026-09-18;PAYMENT
C1756160273;7672.12;USD;2026-05-15;PAYMENT
C1844579038;1203.13;USD;2026-11-25;PAYMENT
C1074844820;1635.86;USD;2026-06-17;PAYMENT
C1229184766;5072.52;USD;2026-06-09;PAYMENT
C404586280;3176.52;USD;2026-12-24;PAYMENT
C800497654;2891.7;USD;2026-01-14;PAYMENT
C2135790485;1557.98;USD;2026-01-27;PAYMENT
C877363600;19316.5;USD;2026-02-18;PAYMENT
C2042979183;8212.99;USD;2026-11-16;PAYMENT
C1904609259;5284.56;USD;2026-12-21;PAYMENT
C1971283804;16265.77;USD;2026-01-11;PAYMENT
C1735330400;14054.64;USD;2026-06-20;PAYMENT
C1398508580;11334.96;USD;2026-08-10;PAYMENT
C1438000681;12445.65;USD;2026-11-07;PAYMENT
C98974893;42.0;USD;2026-04-16;PAYMENT
C54134077;10685.2;USD;2026-08-14;PAYMENT
C546446235;5778.99;USD;2026-06-08;PAYMENT
C1537689020;7366.3;USD;2026-11-02;PAYMENT
C1437983537;10810.73;USD;2026-09-09;PAYMENT
C23053378;5935.34;USD;2026-07-31;PAYMENT
C1164622694;8539.76;USD;2026-12-01;PAYMENT
C2107706203;1703.38;USD;2026-09-15;DEBIT
C564086167;7566.04;USD;2026-05-01;PAYMENT
C773238925;186.33;USD;2026-05-28;PAYMENT
C7395550;10425.95;USD;2026-05-06;PAYMENT
C1499418021;4764.33;USD;2026-03-23;PAYMENT
C1082528716;9632.45;USD;2026-05-12;PAYMENT
C298724898;1573.42;USD;2026-03-22;PAYMENT
C332244937;9125.93;USD;2026-11-07;PAYMENT
C989440614;119352.09;USD;2026-06-19;TRANSFER
C1997625595;221452.04;USD;2026-07-30;TRANSFER
C152848959;354832.51;USD;2026-08-11;TRANSFER
C1657842786;3677.29;USD;2026-02-04;PAYMENT
C1747371038;16749.98;USD;2026-07-22;PAYMENT
C1691629865;10142.56;USD;2026-03-19;PAYMENT
C1132379993;182385.22;USD;2026-11-04;TRANSFER
C1103666479;4448.53;USD;2026-05-20;PAYMENT
C761863997;58408.09;USD;2026-09-03;CASH_IN
C467401150;141.87;USD;2026-01-01;PAYMENT
C497479191;793.64;USD;2026-03-21;PAYMENT
C1015122628;98247.27;USD;2026-04-24;CASH_OUT
C1533662221;7315.54;USD;2026-12-14;PAYMENT
C368153528;3599.77;USD;2026-07-31;PAYMENT
C810196347;6831.38;USD;2026-03-01;PAYMENT
C1921553024;2419.45;USD;2026-04-13;PAYMENT
C78265654;94740.26;USD;2026-12-24;CASH_OUT
C47268007;6577.3;USD;2026-09-27;PAYMENT
C715289224;12429.59;USD;2026-02-20;PAYMENT
C2011695710;6522.37;USD;2026-01-21;DEBIT
C495857386;12762.36;USD;2026-05-29;PAYMENT
C2124731287;11287.39;USD;2026-08-19;PAYMENT
C624693846;10884.19;USD;2026-09-23;PAYMENT
C1346354118;1592.5;USD;2026-12-07;PAYMENT
C278879704;15751.26;USD;2026-12-07;PAYMENT
C1244815033;351.26;USD;2026-04-09;PAYMENT
C1475759966;3734.21;USD;2026-02-10;PAYMENT
C423711439;8403.66;USD;2026-08-27;PAYMENT
C741390111;9945.01;USD;2026-07-11;PAYMENT
C247795540;12491.01;USD;2026-07-12;PAYMENT
C584501954;7889.84;USD;2026-01-14;PAYMENT
C374646930;5169.09;USD;2026-04-24;PAYMENT
C828610686;13496.51;USD;2026-01-27;PAYMENT
C1596144422;3548.72;USD;2026-09-03;DEBIT
C1157199772;9273.52;USD;2026-08-15;PAYMENT
C99132505;4522.66;USD;2026-06-03;PAYMENT
C1285463992;997.34;USD;2026-10-19;PAYMENT
C1075082007;3041.43;USD;2026-07-18;PAYMENT
C424944647;698.41;USD;2026-10-03;PAYMENT
C209360767;7269.74;USD;2026-06-07;PAYMENT
C1837533591;8329.3;USD;2026-10-13;PAYMENT
C1956746660;2312.71;USD;2026-07-21;PAYMENT
C799260198;7550.29;USD;2026-07-26;PAYMENT
C989033734;17396.31;USD;2026-11-16;PAYMENT
C2081269248;3876.42;USD;2026-08-11;PAYMENT
C565079667;3835.42;USD;2026-03-14;PAYMENT
C357653585;18792.11;USD;2026-08-16;PAYMENT
C1688770224;27.55;USD;2026-09-15;PAYMENT
C296234255;218753.79;USD;2026-09-09;CASH_IN
C450589816;42963.87;USD;2026-09-01;CASH_IN
C988179589;92184.04;USD;2026-01-22;CASH_IN
C378814088;669936.4;USD;2026-01-26;CASH_IN
C1174714624;43198.52;USD;2026-02-23;CASH_IN
C121466124;171683.57;USD;2026-06-06;CASH_IN
C238467882;34784.78;USD;2026-07-21;CASH_IN
C962700314;521419.58;USD;2026-06-13;CASH_IN
C1515116175;209859.04;USD;2026-10-01;CASH_IN
C913806791;61650.32;USD;2026-03-27;CASH_IN
C220432328;235362.23;USD;2026-04-16;CASH_IN
C961983234;327686.42;USD;2026-10-05;CASH_IN
C352378889;348463.93;USD;2026-09-06;CASH_IN
C533956291;137209.38;USD;2026-11-29;CASH_IN
C249515830;279846.24;USD;2026-10-06;CASH_IN
C43856716;159270.52;USD;2026-01-15;CASH_IN
C269458366;19872.97;USD;2026-09-18;CASH_IN
C334099170;203283.36;USD;2026-03-10;CASH_IN
C1731967318;37475.31;USD;2026-06-20;CASH_IN
C215478702;151764.65;USD;2026-11-24;CASH_IN
C1625901537;72311.62;USD;2026-10-02;CASH_IN
C1011599868;198443.49;USD;2026-06-21;CASH_IN
C109065770;532111.14;USD;2026-07-20;CASH_IN
C896134613;839300.36;USD;2026-09-07;CASH_IN
C526720216;11436.9;USD;2026-09-27;CASH_IN
C2097361633;37554.62;USD;2026-10-14;CASH_IN
C2050320909;33499.16;USD;2026-10-20;CASH_IN
C13117403;283308.0;USD;2026-12-19;CASH_IN
C930900166;147844.59;USD;2026-09-17;CASH_IN
C1401737458;65525.9;USD;2026-06-09;CASH_IN
C37268876;10844.67;USD;2026-11-28;CASH_IN
C1125098735;455440.65;USD;2026-09-10;CASH_IN
C392289808;135327.21;USD;2026-08-07;CASH_IN
C585074510;211094.41;USD;2026-12-04;CASH_IN
C1699486292;189595.83;USD;2026-09-25;CASH_IN
C1541075662;66413.56;USD;2026-01-23;CASH_IN
C1121072891;4552.47;USD;2026-01-08;PAYMENT
C435297131;1285.04;USD;2026-10-06;DEBIT
C355649049;7627.89;USD;2026-01-31;PAYMENT
C324579982;846.91;USD;2026-02-26;PAYMENT
C435803541;206336.47;USD;2026-12-23;TRANSFER
C2112135199;689.85;USD;2026-07-13;PAYMENT
C2005706991;9837.13;USD;2026-10-24;DEBIT
C546217718;9463.48;USD;2026-10-24;PAYMENT
C639467920;6456.26;USD;2026-08-26;PAYMENT
C1625939772;96833.52;USD;2026-07-19;CASH_OUT
C151515831;1146.72;USD;2026-08-05;PAYMENT
C1400582895;13812.23;USD;2026-12-27;PAYMENT
C1264701638;332573.12;USD;2026-09-27;CASH_OUT
C1870749311;13812.46;USD;2026-01-24;PAYMENT
C810262298;6159.72;USD;2026-07-02;DEBIT
C1969856053;11711.1;USD;2026-06-18;DEBIT
C276714561;5881.78;USD;2026-11-05;PAYMENT
C641030345;1461.06;USD;2026-11-04;PAYMENT
C2108318195;4242.85;USD;2026-08-17;DEBIT
C1647402786;2724.24;USD;2026-01-13;PAYMENT
C1458748394;2344.79;USD;2026-02-02;DEBIT
C2029645118;8525.08;USD;2026-12-01;PAYMENT
C185164978;15640.06;USD;2026-07-31;PAYMENT
C2134915053;1533.55;USD;2026-07-06;DEBIT
C619241052;3256.43;USD;2026-02-22;DEBIT
C1677984391;4591.98;USD;2026-07-31;PAYMENT
C1871312485;5567.55;USD;2026-01-16;PAYMENT
C1227224309;4213.36;USD;2026-09-07;PAYMENT
C977522995;3970.45;USD;2026-11-09;PAYMENT
C1596653154;4497.03;USD;2026-12-11;DEBIT
C211199210;301706.01;USD;2026-11-09;TRANSFER
C678962690;3065.41;USD;2026-08-14;PAYMENT
C1745903324;229316.19;USD;2026-04-06;TRANSFER
C1360533184;1898.84;USD;2026-05-01;DEBIT
C951677655;652.67;USD;2026-10-14;PAYMENT
C959834536;1795.14;USD;2026-07-29;PAYMENT
C1532409428;5088.99;USD;2026-06-18;PAYMENT
C1396851684;9305.93;USD;2026-07-20;PAYMENT
C1191874608;498178.68;USD;2026-07-12;TRANSFER
C1725266971;1897.66;USD;2026-03-02;PAYMENT
C223975178;1033.44;USD;2026-07-29;PAYMENT
C1404669942;1252.27;USD;2026-04-02;PAYMENT
C2144334265;4911.89;USD;2026-03-07;PAYMENT
C1991094835;9755.38;USD;2026-02-01;DEBIT
C906448455;300932.58;USD;2026-04-02;TRANSFER
C910504711;47940.14;USD;2026-02-19;TRANSFER
C2110558717;118365.47;USD;2026-10-25;TRANSFER
C1726715997;16626.81;USD;2026-06-23;TRANSFER
C1787987889;96757.4;USD;2026-05-26;TRANSFER
C1968196847;297448.33;USD;2026-05-12;TRANSFER
C1821010113;287509.05;USD;2026-06-20;TRANSFER
C1444494461;1212719.61;USD;2026-09-28;TRANSFER
C684230144;210650.2;USD;2026-04-08;TRANSFER
C1602785474;1636507.63;USD;2026-01-10;TRANSFER
C1618683794;651387.84;USD;2026-12-02;TRANSFER
C2141066548;548288.31;USD;2026-05-18;TRANSFER
C327840833;2107293.71;USD;2026-06-13;TRANSFER
C136312946;1918461.7;USD;2026-11-07;TRANSFER
C828447060;291753.7;USD;2026-10-16;TRANSFER
C1046056441;556542.19;USD;2026-03-19;TRANSFER
C2117193231;588.33;USD;2026-05-08;DEBIT
C161113555;3559.49;USD;2026-08-22;PAYMENT
C1120670624;2488.09;USD;2026-05-02;PAYMENT
C1746117425;353.9;USD;2026-05-10;PAYMENT
C967531000;8440.86;USD;2026-03-20;PAYMENT
C286658790;9160.94;USD;2026-02-23;PAYMENT
C701724503;11063.08;USD;2026-03-30;PAYMENT
C634156144;18392.23;USD;2026-05-04;PAYMENT
C2041996211;2357.63;USD;2026-07-05;PAYMENT
C1562950869;5157.05;USD;2026-08-07;PAYMENT
C845388562;5746.44;USD;2026-10-28;PAYMENT
C948424584;5607.36;USD;2026-05-22;PAYMENT
C2027701910;6360.79;USD;2026-10-19;PAYMENT
C1448277333;67200.07;USD;2026-01-09;CASH_IN
C1340086277;2453.34;USD;2026-01-03;PAYMENT
C2034975583;79.26;USD;2026-12-24;PAYMENT
C2006842965;3758.16;USD;2026-12-24;PAYMENT
C289711450;24495.45;USD;2026-04-06;PAYMENT
C648358364;1284.49;USD;2026-02-10;PAYMENT
C310792845;3283.87;USD;2026-10-10;PAYMENT
C866529530;42136.28;USD;2026-03-28;TRANSFER
C2002097394;27008.84;USD;2026-11-10;TRANSFER
C1466413743;331545.25;USD;2026-01-01;TRANSFER
C2065886345;42529.28;USD;2026-11-26;TRANSFER
C2030121719;252129.73;USD;2026-03-24;TRANSFER
C573102881;473469.94;USD;2026-05-02;TRANSFER
C1219553025;2317408.88;USD;2026-07-27;TRANSFER
C605686842;864389.49;USD;2026-04-09;TRANSFER
C1417413828;276094.92;USD;2026-03-20;TRANSFER
C820587705;132355.33;USD;2026-12-04;TRANSFER
C2142129482;169106.97;USD;2026-06-05;TRANSFER
C195163481;2604219.11;USD;2026-08-16;TRANSFER
C1062181581;249740.75;USD;2026-08-29;TRANSFER
C1186657657;7977.96;USD;2026-03-19;PAYMENT
C1333529571;7848.22;USD;2026-04-24;PAYMENT
C489047267;7625.73;USD;2026-05-13;PAYMENT
C1613514326;3499.43;USD;2026-10-31;PAYMENT
C1884422865;642.26;USD;2026-04-22;DEBIT
C1011104118;41295.56;USD;2026-04-30;CASH_OUT
C1046009438;13576.03;USD;2026-09-14;CASH_OUT
C62739928;29572.74;USD;2026-11-18;CASH_OUT
C1671007220;53569.21;USD;2026-04-25;CASH_OUT
C2114687352;139247.62;USD;2026-02-06;CASH_OUT
C102318785;60360.45;USD;2026-01-07;CASH_OUT
C1868809295;161795.9;USD;2026-06-04;CASH_OUT
C1082795132;607537.17;USD;2026-07-10;CASH_OUT
C1655242052;254399.35;USD;2026-03-23;CASH_OUT
C778806426;427823.47;USD;2026-05-04;CASH_OUT
C1599823012;16662.21;USD;2026-12-15;CASH_OUT
C1323514615;173570.67;USD;2026-10-27;CASH_OUT
C1795468466;54684.17;USD;2026-05-10;CASH_OUT
C406358588;87963.9;USD;2026-09-30;CASH_OUT
C486759395;565349.9;USD;2026-07-21;CASH_OUT
C1247866422;94527.39;USD;2026-03-01;CASH_OUT
C80722676;315552.62;USD;2026-11-28;CASH_OUT
C1492822331;48169.69;USD;2026-10-11;CASH_OUT
C1596009860;118753.07;USD;2026-08-29;CASH_OUT
C310212872;106705.8;USD;2026-03-13;CASH_OUT
C1805412777;328967.35;USD;2026-10-06;CASH_OUT
C1713546896;55855.58;USD;2026-08-16;CASH_OUT
C817490653;370751.08;USD;2026-06-22;CASH_OUT
C1232433403;49177.38;USD;2026-12-29;CASH_OUT
C1093441885;63557.19;USD;2026-05-05;CASH_OUT
C843686350;33663.22;USD;2026-08-11;CASH_OUT
C1306085976;20986.8;USD;2026-12-24;CASH_OUT
C793319856;301680.88;USD;2026-09-21;CASH_OUT
C176851829;9320.15;USD;2026-09-10;CASH_OUT
C1974606907;241488.05;USD;2026-07-01;CASH_OUT
C1925059423;60850.8;USD;2026-10-05;CASH_OUT
C358420513;476934.35;USD;2026-07-19;CASH_OUT
C1272115420;598674.03;USD;2026-02-28;CASH_OUT
C778337881;135357.16;USD;2026-06-10;CASH_OUT
C742568993;422125.99;USD;2026-03-10;CASH_OUT
C1373861264;57643.24;USD;2026-07-04;CASH_OUT
C233519968;11261.67;USD;2026-07-12;PAYMENT
C967460257;416106.78;USD;2026-07-15;TRANSFER
C1940912369;4447.55;USD;2026-08-17;PAYMENT
C669700766;25071.46;USD;2026-02-28;TRANSFER
C1275464847;25071.46;USD;2026-10-15;CASH_OUT
C1080167822;3239.95;USD;2026-02-07;PAYMENT
C1236303587;10286.48;USD;2026-08-01;PAYMENT
C1710228600;2011.81;USD;2026-10-31;PAYMENT
C1856589162;9520.02;USD;2026-04-15;PAYMENT
C1300132917;4273.56;USD;2026-03-15;PAYMENT
C1853422837;26844.84;USD;2026-12-06;CASH_OUT
C91220956;634.41;USD;2026-09-22;PAYMENT
C8197402;58516.68;USD;2026-11-04;CASH_OUT
C692838068;5077.6;USD;2026-09-29;PAYMENT
C528877978;4471.34;USD;2026-03-10;PAYMENT
C15910024;6525.58;USD;2026-11-06;PAYMENT
C2076829355;12749.19;USD;2026-08-14;PAYMENT
C1112075608;7652.07;USD;2026-06-07;PAYMENT
C1164241227;450465.15;USD;2026-09-30;CASH_OUT
C1414744767;17540.66;USD;2026-07-13;PAYMENT
C1164394344;2673.64;USD;2026-01-17;CASH_IN
C665565246;4215.08;USD;2026-10-31;PAYMENT
C438228197;3468.74;USD;2026-06-30;PAYMENT
C476973576;244.09;USD;2026-08-31;PAYMENT
C32496853;137.88;USD;2026-12-29;PAYMENT
C2062667107;7155.31;USD;2026-11-27;PAYMENT
C1009218257;2432.88;USD;2026-10-01;PAYMENT
C1128158063;9021.44;USD;2026-11-22;PAYMENT
C262815725;4476.2;USD;2026-11-30;PAYMENT
C159917166;14546.65;USD;2026-08-26;PAYMENT
C1012552887;272709.33;USD;2026-01-25;TRANSFER
C1643299824;7669.42;USD;2026-07-04;PAYMENT
C1098568947;14750.26;USD;2026-03-02;CASH_OUT
C795594631;107421.26;USD;2026-05-10;CASH_OUT
C1492219097;36448.64;USD;2026-03-31;CASH_OUT
C2026371507;12939.66;USD;2026-12-01;CASH_OUT
C1871542036;198137.4;USD;2026-10-11;CASH_OUT
C510368405;112193.65;USD;2026-11-02;CASH_OUT
C1299145277;40030.78;USD;2026-03-31;CASH_OUT
C178393154;207283.84;USD;2026-12-25;CASH_OUT
C244577237;141648.13;USD;2026-07-17;CASH_OUT
C1290698656;361980.67;USD;2026-03-08;CASH_OUT
C2049348234;614317.64;USD;2026-04-28;CASH_OUT
C1612496268;233255.73;USD;2026-11-06;CASH_OUT
C1904273153;1420.96;USD;2026-06-21;PAYMENT
C13692003;132842.64;USD;2026-08-15;CASH_OUT
C94748968;4881.52;USD;2026-09-10;PAYMENT
C1497558532;14403.17;USD;2026-08-19;PAYMENT
C1970377948;4843.76;USD;2026-10-28;PAYMENT
C351970188;7143.2;USD;2026-02-19;PAYMENT
C115086468;2279.65;USD;2026-08-18;PAYMENT
C800456240;2571.49;USD;2026-05-14;PAYMENT
C594916129;2873.37;USD;2026-07-21;PAYMENT
C1533972343;7394.33;USD;2026-11-04;PAYMENT
C1329897103;21902.51;USD;2026-01-31;PAYMENT
C1848163207;1730.16;USD;2026-02-15;PAYMENT
C1923810797;11491.76;USD;2026-01-18;PAYMENT
C205278236;14204.94;USD;2026-06-23;PAYMENT
C1031586763;14432.6;USD;2026-07-30;PAYMENT
C1835841364;2501.21;USD;2026-04-16;PAYMENT
C809822663;27845.63;USD;2026-01-09;PAYMENT
C1225353990;900.37;USD;2026-08-16;PAYMENT
C1560670039;28147.47;USD;2026-03-11;PAYMENT
C602858680;3782.98;USD;2026-07-30;PAYMENT
C1519911160;4828.64;USD;2026-09-21;PAYMENT
C1075996552;6540.9;USD;2026-09-10;PAYMENT
C1532800776;21840.26;USD;2026-08-08;PAYMENT
C1887466020;5805.93;USD;2026-04-03;PAYMENT
C1074630954;5018.24;USD;2026-07-18;PAYMENT
C2056566350;1066.91;USD;2026-11-03;PAYMENT
C306674056;1902.02;USD;2026-07-04;PAYMENT
C1943444495;1982.04;USD;2026-05-14;PAYMENT
C486662053;7020.05;USD;2026-11-14;PAYMENT
C222300483;11488.23;USD;2026-09-11;PAYMENT
C838800272;1253.6;USD;2026-06-22;PAYMENT
C2015007762;10183.1;USD;2026-12-31;PAYMENT
C333879495;146534.96;USD;2026-01-17;CASH_OUT
C183304529;5616.1;USD;2026-05-09;PAYMENT
C521331027;5272.81;USD;2026-12-11;PAYMENT
C1511004956;236343.99;USD;2026-01-09;TRANSFER
C559998250;86401.93;USD;2026-09-20;TRANSFER
C703627308;3923.32;USD;2026-05-14;PAYMENT
C1626529981;289326.88;USD;2026-04-05;CASH_OUT
C1184694332;4444.35;USD;2026-09-24;DEBIT
C1799424291;5323.28;USD;2026-02-07;PAYMENT
C540923243;2141.82;USD;2026-02-11;PAYMENT
C1835316563;328.07;USD;2026-03-19;PAYMENT
C490630452;1439.72;USD;2026-01-24;PAYMENT
C648630181;4416.74;USD;2026-08-12;PAYMENT
C678680178;84051.0;USD;2026-09-15;CASH_OUT
C1002911155;1246.74;USD;2026-11-19;PAYMENT
C1124317168;1527.08;USD;2026-01-03;PAYMENT
C2006835220;38829.9;USD;2026-01-26;TRANSFER
C1547817015;749.26;USD;2026-12-16;PAYMENT
C1590129041;2560.3;USD;2026-07-26;PAYMENT
C340789130;383736.31;USD;2026-02-07;TRANSFER
C208184824;917.38;USD;2026-12-30;DEBIT
C1774589469;6905.9;USD;2026-03-17;PAYMENT
C773296871;3611.72;USD;2026-09-25;PAYMENT
C1052127672;8949.54;USD;2026-04-13;PAYMENT
C1811880447;2193.94;USD;2026-02-01;PAYMENT
C1314228008;9479.66;USD;2026-10-02;PAYMENT
C1299126654;10757.7;USD;2026-01-05;PAYMENT
C1692523793;6259.18;USD;2026-06-29;PAYMENT
C1771687225;7003.44;USD;2026-10-23;PAYMENT
C2128195220;6872.19;USD;2026-05-05;PAYMENT
C1095203437;911.27;USD;2026-04-12;PAYMENT
C824357143;7694.63;USD;2026-03-28;PAYMENT
C698498109;11353.99;USD;2026-12-25;PAYMENT
C1877240674;6683.73;USD;2026-10-14;PAYMENT
C1642356615;4261.17;USD;2026-12-04;PAYMENT
C812168041;6146.81;USD;2026-09-30;PAYMENT
C1418851979;4479.63;USD;2026-12-23;DEBIT
C1936375962;144659.77;USD;2026-08-17;CASH_OUT
C116184677;53094.17;USD;2026-12-03;CASH_OUT
C1161382705;43721.1;USD;2026-07-26;CASH_OUT
C516413619;119537.32;USD;2026-03-25;CASH_OUT
C990684641;33349.84;USD;2026-06-20;CASH_OUT
C1538462491;335979.26;USD;2026-12-05;CASH_OUT
C1423752095;183842.53;USD;2026-12-19;CASH_OUT
C1962865655;286737.98;USD;2026-02-23;CASH_OUT
C704869156;472609.82;USD;2026-09-04;CASH_OUT
C1777043124;271982.1;USD;2026-05-05;CASH_OUT
C1482344533;154611.64;USD;2026-07-23;CASH_OUT
C1538849250;125275.0;USD;2026-09-07;CASH_OUT
C1788034018;443200.31;USD;2026-07-26;CASH_OUT
C1601756706;256481.43;USD;2026-03-24;CASH_OUT
C1366212088;236277.01;USD;2026-05-23;CASH_OUT
C1300576734;7071.77;USD;2026-08-03;PAYMENT
C657069980;6511.48;USD;2026-10-16;PAYMENT
C1730182538;8592.89;USD;2026-09-06;PAYMENT
C2083154356;2356.99;USD;2026-08-30;DEBIT
C1687087217;7363.65;USD;2026-11-10;PAYMENT
